Workbook

Sheet IGSDB_110
A1: ID | B1: Name | C1: Source | D1: SpectralData | E1: AngularFunction | F1: Thickness | G1: Tsol | H1: Rsol1 | I1: Rsol2 | J1: Tvis | K1: Rvis1 | L1: Rvis2 | M1: Tir | N1: emis1 | O1: emis2 | P1: Conductivity | Q1: Comment | R1: Manufacturer | S1: ProductName | T1: Color | U1: Certification | V1: Status | W1: Timestamp | X1: Specularity | Y1: Tvis2 | Z1: Tsol2 | AA1: MaterialID
A2: 28502 | B2: 0.76SR Interlayer.ASG | C2: IGDB v81.0 | D2: 1 | E2: 0 | F2: 6.56 | G2: 0.383793 | H2: 0.054954 | I2: 0.054954 | J2: 0.749578 | K2: 0.073112 | L2: 0.073112 | M2: 0 | N2: 0.84 | O2: 0.84 | P2: 0.705 | R2: ASG Architectural Solutions Glass Pty Ltd | S2: 0.76SR Interlayer | T2: 14738646 | V2: 256 | W2: 1675888761 | X2: 0 | Y2: 0.749578 | Z2: 0.383793 | AA2: 0
A3: 21515 | B3: 007_PET_BUT.KUR | C3: IGDB v66.0 | D3: 1 | E3: 0 | F3: 0.18 | G3: 0.861647 | H3: 0.117173 | I3: 0.117279 | J3: 0.86924 | K3: 0.1222 | L3: 0.122131 | M3: 0 | N3: 0.95 | O3: 0.95 | P3: 0.155 | R3: Kuraray | S3: BE-1028 PET Film | T3: 15528176 | U3: # | V3: 256 | W3: 1586299407 | X3: 0 | Y3: 0.86924 | Z3: 0.861647 | AA3: 0
A4: 8200 | B4: 01_Clear_10.syp | C4: IGDB v15.4 | D4: 1 | E4: 0 | F4: 10 | G4: 0.746867 | H4: 0.070326 | I4: 0.070326 | J4: 0.87757 | K4: 0.080491 | L4: 0.080491 | M4: 0 | N4: 0.84 | O4: 0.84 | P4: 1 | R4: SYP GLASS GROUP CO.,LTD | S4: Clear Float Glass | T4: 15659756 | V4: 256 | W4: 1510862477 | X4: 0 | Y4: 0.87757 | Z4: 0.746867 | AA4: 0
A5: 8201 | B5: 01_Clear_12.syp | C5: IGDB v15.4 | D5: 1 | E5: 0 | F5: 12 | G5: 0.722631 | H5: 0.067336 | I5: 0.067336 | J5: 0.86955 | K5: 0.078733 | L5: 0.078733 | M5: 0 | N5: 0.84 | O5: 0.84 | P5: 1 | R5: SYP GLASS GROUP CO.,LTD | S5: Clear Float Glass | T5: 15594219 | V5: 256 | W5: 1510862477 | X5: 0 | Y5: 0.86955 | Z5: 0.722631 | AA5: 0
A6: 8202 | B6: 01_Clear_15.syp | C6: IGDB v15.4 | D6: 1 | E6: 0 | F6: 15 | G6: 0.687364 | H6: 0.069649 | I6: 0.069649 | J6: 0.851845 | K6: 0.082041 | L6: 0.082041 | M6: 0 | N6: 0.84 | O6: 0.84 | P6: 1 | R6: SYP GLASS GROUP CO.,LTD | S6: Clear Float Glass | T6: 15462632 | V6: 256 | W6: 1510862477 | X6: 0 | Y6: 0.851845 | Z6: 0.687364 | AA6: 0
A7: 8207 | B7: 01_Clear_19.syp | C7: IGDB v58.0 | D7: 1 | E7: 0 | F7: 19 | G7: 0.613264 | H7: 0.061559 | I7: 0.061559 | J7: 0.833598 | K7: 0.074965 | L7: 0.074965 | M7: 0 | N7: 0.84 | O7: 0.84 | P7: 1 | R7: SYP GLASS GROUP CO.,LTD | S7: Clear Float Glass | T7: 15331043 | U7: # | V7: 256 | W7: 1513283368 | X7: 0 | Y7: 0.833598 | Z7: 0.613264 | AA7: 0
A8: 8203 | B8: 01_Clear_4.syp | C8: IGDB v15.4 | D8: 1 | E8: 0 | F8: 4 | G8: 0.847464 | H8: 0.077616 | I8: 0.077616 | J8: 0.901963 | K8: 0.080769 | L8: 0.080769 | M8: 0 | N8: 0.84 | O8: 0.84 | P8: 1 | R8: SYP GLASS GROUP CO.,LTD | S8: Clear Float Glass | T8: 15856882 | U8: # | V8: 256 | W8: 1510862477 | X8: 0 | Y8: 0.901963 | Z8: 0.847464 | AA8: 0
A9: 8204 | B9: 01_Clear_5.syp | C9: IGDB v15.4 | D9: 1 | E9: 0 | F9: 5 | G9: 0.831186 | H9: 0.076506 | I9: 0.076506 | J9: 0.897546 | K9: 0.080724 | L9: 0.080724 | M9: 0 | N9: 0.84 | O9: 0.84 | P9: 1 | R9: SYP GLASS GROUP CO.,LTD | S9: Clear Float Glass | T9: 15856881 | U9: # | V9: 256 | W9: 1510862477 | X9: 0 | Y9: 0.897546 | Z9: 0.831186 | AA9: 0
A10: 8205 | B10: 01_Clear_6.syp | C10: IGDB v17.4 | D10: 1 | E10: 0 | F10: 6 | G10: 0.803698 | H10: 0.07383 | I10: 0.07383 | J10: 0.892204 | K10: 0.081512 | L10: 0.081512 | M10: 0 | N10: 0.84 | O10: 0.84 | P10: 1 | R10: SYP GLASS GROUP CO.,LTD | S10: Clear Float Glass | T10: 15791344 | U10: # | V10: 256 | W10: 1510862499 | X10: 0 | Y10: 0.892204 | Z10: 0.803698 | AA10: 0
A11: 8206 | B11: 01_Clear_8.syp | C11: IGDB v15.4 | D11: 1 | E11: 0 | F11: 8 | G11: 0.771074 | H11: 0.071177 | I11: 0.071177 | J11: 0.884304 | K11: 0.080521 | L11: 0.080521 | M11: 0 | N11: 0.84 | O11: 0.84 | P11: 1 | R11: SYP GLASS GROUP CO.,LTD | S11: Clear Float Glass | T11: 15725550 | V11: 256 | W11: 1510862478 | X11: 0 | Y11: 0.884304 | Z11: 0.771074 | AA11: 0
A12: 21529 | B12: 015_Asahi_Grey.KUR | C12: IGDB v67.0 | D12: 1 | E12: 0 | F12: 4.601 | G12: 0.501444 | H12: 0.059784 | I12: 0.059784 | J12: 0.390934 | K12: 0.057923 | L12: 0.057923 | M12: 0 | N12: 0.837 | O12: 0.837 | P12: 0.774 | R12: Kuraray | S12: Trosifol Asahi Grey | T12: 11250590 | U12: # | V12: 256 | W12: 1586299409 | X12: 0 | Y12: 0.390934 | Z12: 0.501444 | AA12: 0
A13: 10528 | B13: 015_BG_R15_CLEAR.TRO | C13: IGDB v29.0 | D13: 1 | E13: 0 | F13: 4.5455 | G13: 0.811855 | H13: 0.076009 | I13: 0.074697 | J13: 0.898235 | K13: 0.081446 | L13: 0.080586 | M13: 0 | N13: 0.84 | O13: 0.84 | P13: 0.7839 | R13: TROSIFOL | S13: Trosifol 015 clear BG R15 PVB LAMINATE | T13: 15856882 | U13: # | V13: 256 | W13: 1510863347 | X13: 0 | Y13: 0.898235 | Z13: 0.811855 | AA13: 0
A14: 21517 | B14: 015_Clear_B100.KUR | C14: IGDB v67.0 | D14: 1 | E14: 0 | F14: 4.562 | G14: 0.82661 | H14: 0.078486 | I14: 0.078486 | J14: 0.901661 | K14: 0.085975 | L14: 0.085975 | M14: 0 | N14: 0.837 | O14: 0.837 | P14: 0.792 | R14: Kuraray | S14: Trosifol Clear | T14: 15791347 | U14: # | V14: 256 | W14: 1586299407 | X14: 0 | Y14: 0.901661 | Z14: 0.82661 | AA14: 0
A15: 21501 | B15: 015_Clear_B500.KUR | C15: IGDB v67.0 | D15: 1 | E15: 0 | F15: 4.553 | G15: 0.830012 | H15: 0.07768 | I15: 0.07768 | J15: 0.900996 | K15: 0.085292 | L15: 0.085292 | M15: 0 | N15: 0.837 | O15: 0.837 | P15: 0.796 | R15: Kuraray | S15: Trosifol Clear | T15: 15856883 | U15: # | V15: 256 | W15: 1586299407 | X15: 0 | Y15: 0.900996 | Z15: 0.830012 | AA15: 0
A16: 21530 | B16: 015_Grey.KUR | C16: IGDB v67.0 | D16: 1 | E16: 0 | F16: 4.579 | G16: 0.550901 | H16: 0.062252 | I16: 0.062252 | J16: 0.427532 | K16: 0.059826 | L16: 0.059826 | M16: 0 | N16: 0.837 | O16: 0.837 | P16: 0.784 | R16: Kuraray | S16: Trosifol Grey | T16: 12169641 | U16: # | V16: 256 | W16: 1586299409 | X16: 0 | Y16: 0.427532 | Z16: 0.550901 | AA16: 0
A17: 21545 | B17: 015_Light_BlueGreen.KUR | C17: IGDB v67.0 | D17: 1 | E17: 0 | F17: 4.581 | G17: 0.720985 | H17: 0.071879 | I17: 0.071879 | J17: 0.722466 | K17: 0.074119 | L17: 0.074119 | M17: 0 | N17: 0.837 | O17: 0.837 | P17: 0.783 | R17: Kuraray | S17: Trosifol Light Blue-Green | T17: 14672587 | U17: # | V17: 256 | W17: 1586299523 | X17: 0 | Y17: 0.722466 | Z17: 0.720985 | AA17: 0
A18: 21532 | B18: 015_Light_Brown.KUR | C18: IGDB v67.0 | D18: 1 | E18: 0 | F18: 4.549 | G18: 0.577896 | H18: 0.061987 | I18: 0.061987 | J18: 0.549099 | K18: 0.062445 | L18: 0.062445 | M18: 0 | N18: 0.837 | O18: 0.837 | P18: 0.798 | R18: Kuraray | S18: Trosifol Light Brown | T18: 11846346 | U18: # | V18: 256 | W18: 1586299409 | X18: 0 | Y18: 0.549099 | Z18: 0.577896 | AA18: 0
A19: 10531 | B19: 015_LIGHT_BROWN_BG_R15.TRO | C19: IGDB v29.0 | D19: 1 | E19: 0 | F19: 4.577 | G19: 0.567102 | H19: 0.069156 | I19: 0.066417 | J19: 0.552438 | K19: 0.070781 | L19: 0.067987 | M19: 0 | N19: 0.84 | O19: 0.84 | P19: 0.7694 | R19: TROSIFOL | S19: Trosifol 015 light brown BG R15 PVB LAMINATE | T19: 11912138 | U19: # | V19: 256 | W19: 1510863347 | X19: 0 | Y19: 0.552438 | Z19: 0.567102 | AA19: 0
A20: 21528 | B20: 015_Light_Green.KUR | C20: IGDB v67.0 | D20: 1 | E20: 0 | F20: 4.529 | G20: 0.765258 | H20: 0.074956 | I20: 0.074956 | J20: 0.826927 | K20: 0.080714 | L20: 0.080714 | M20: 0 | N20: 0.837 | O20: 0.837 | P20: 0.808 | R20: Kuraray | S20: Trosifol Light Green | T20: 15200724 | U20: # | V20: 256 | W20: 1586299409 | X20: 0 | Y20: 0.826927 | Z20: 0.765258 | AA20: 0
A21: 21538 | B21: 015_Medium_Blue.KUR | C21: IGDB v67.0 | D21: 1 | E21: 0 | F21: 4.532 | G21: 0.572926 | H21: 0.073866 | I21: 0.073866 | J21: 0.361383 | K21: 0.06263 | L21: 0.06263 | M21: 0 | N21: 0.837 | O21: 0.837 | P21: 0.807 | R21: Kuraray | S21: Trosifol Medium Blue | T21: 15318528 | U21: # | V21: 256 | W21: 1586299410 | X21: 0 | Y21: 0.361383 | Z21: 0.572926 | AA21: 0
A22: 21535 | B22: 015_Medium_Bronze.KUR | C22: IGDB v67.0 | D22: 1 | E22: 0 | F22: 4.525 | G22: 0.599022 | H22: 0.063475 | I22: 0.063475 | J22: 0.558685 | K22: 0.064267 | L22: 0.064267 | M22: 0 | N22: 0.837 | O22: 0.837 | P22: 0.81 | R22: Kuraray | S22: Trosifol Medium Bronze | T22: 12305103 | U22: # | V22: 256 | W22: 1586299410 | X22: 0 | Y22: 0.558685 | Z22: 0.599022 | AA22: 0
A23: 21533 | B23: 015_Medium_Brown.KUR | C23: IGDB v67.0 | D23: 1 | E23: 0 | F23: 4.551 | G23: 0.317659 | H23: 0.051492 | I23: 0.051492 | J23: 0.226271 | K23: 0.051028 | L23: 0.051028 | M23: 0 | N23: 0.837 | O23: 0.837 | P23: 0.797 | R23: Kuraray | S23: Trosifol Medium Brown | T23: 6913936 | U23: # | V23: 256 | W23: 1586299409 | X23: 0 | Y23: 0.226271 | Z23: 0.317659 | AA23: 0
... A48: 21510 | B48: 035_SentryGlas.KUR | C48: IGDB v67.0 | D48: 1 | E48: 0 | F48: 5.155 | G48: 0.803539 | H48: 0.075548 | I48: 0.075548 | J48: 0.899968 | K48: 0.08477 | L48: 0.08477 | M48: 0 | N48: 0.837 | O48: 0.837 | P48: 0.602 | R48: Kuraray | S48: SentryGlas | T48: 15791346 | U48: # | V48: 256 | W48: 1586299407 | X48: 0 | Y48: 0.899968 | Z48: 0.803539 | AA48: 0
A49: 29050 | B49: 038_PFAT_3Clr.CCP | C49: IGDB v98.0 | D49: 1 | E49: 0 | F49: 5.99 | G49: 0.766487 | H49: 0.069516 | I49: 0.069516 | J49: 0.882598 | K49: 0.07864 | L49: 0.07864 | M49: 0 | N49: 0.84 | O49: 0.84 | P49: 0.819 | R49: Chang Chun Petrochemical Co.,Ltd. | S49: WINLITE_Polyvinyl Butyral Film_PFAT | T49: 15659759 | V49: 256 | W49: 1739489646 | X49: 0 | Y49: 0.882598 | Z49: 0.766487 | AA49: 0
A50: 1800 | B50: 038_Saflex_Clear_3Clr.EMN | C50: IGDB v66.0 | D50: 1 | E50: 0 | F50: 6.3 | G50: 0.768757 | H50: 0.0709 | I50: 0.071084 | J50: 0.893768 | K50: 0.083316 | L50: 0.083563 | M50: 0 | N50: 0.84 | O50: 0.84 | P50: 0.788 | R50: Eastman Chemical Company | S50: Saflex® Clear - RA|RB | T50: 15856879 | U50: # | V50: 256 | W50: 1586299363 | X50: 0 | Y50: 0.893768 | Z50: 0.768757 | AA50: 0
A51: 1901 | B51: 038_Vanceva_0001_3Clr.EMN | C51: IGDB v66.0 | D51: 1 | E51: 0 | F51: 6.3 | G51: 0.736342 | H51: 0.071931 | I51: 0.07195 | J51: 0.777745 | K51: 0.076955 | L51: 0.077061 | M51: 0 | N51: 0.84 | O51: 0.84 | P51: 0.788 | R51: Eastman Chemical Company | S51: Vanceva® Coral Rose - VCV 0001 | T51: 15261175 | U51: # | V51: 256 | W51: 1586299369 | X51: 0 | Y51: 0.777745 | Z51: 0.736342 | AA51: 0
A52: 1902 | B52: 038_Vanceva_0002_3Clr.EMN | C52: IGDB v66.0 | D52: 1 | E52: 0 | F52: 6.3 | G52: 0.710006 | H52: 0.069923 | I52: 0.06976 | J52: 0.782775 | K52: 0.075819 | L52: 0.075788 | M52: 0 | N52: 0.84 | O52: 0.84 | P52: 0.788 | R52: Eastman Chemical Company | S52: Vanceva® Aquamarine - VCV 0002 | T52: 15920583 | U52: # | V52: 256 | W52: 1586299369 | X52: 0 | Y52: 0.782775 | Z52: 0.710006 | AA52: 0
A53: 1903 | B53: 038_Vanceva_0003_3Clr.EMN | C53: IGDB v66.0 | D53: 1 | E53: 0 | F53: 6.3 | G53: 0.691364 | H53: 0.068621 | I53: 0.068641 | J53: 0.778548 | K53: 0.075795 | L53: 0.075792 | M53: 0 | N53: 0.84 | O53: 0.84 | P53: 0.788 | R53: Eastman Chemical Company | S53: Vanceva® Smoke Grey - VCV 0003 | T53: 14673379 | U53: # | V53: 256 | W53: 1586299369 | X53: 0 | Y53: 0.778548 | Z53: 0.691364 | AA53: 0
A54: 1904 | B54: 038_Vanceva_0004_3Clr.EMN | C54: IGDB v66.0 | D54: 1 | E54: 0 | F54: 6.3 | G54: 0.670126 | H54: 0.074838 | I54: 0.075177 | J54: 0.822698 | K54: 0.095872 | L54: 0.09616 | M54: 0 | N54: 0.84 | O54: 0.84 | P54: 0.788 | R54: Eastman Chemical Company | S54: Vanceva® Sahara Sun - VCV 0004 | T54: 1961457 | U54: # | V54: 256 | W54: 1586299369 | X54: 0 | Y54: 0.822698 | Z54: 0.670126 | AA54: 0
A55: 1905 | B55: 038_Vanceva_0005_3Clr.EMN | C55: IGDB v66.0 | D55: 1 | E55: 0 | F55: 6.3 | G55: 0.658613 | H55: 0.068812 | I55: 0.06896 | J55: 0.503076 | K55: 0.066394 | L55: 0.066342 | M55: 0 | N55: 0.84 | O55: 0.84 | P55: 0.788 | R55: Eastman Chemical Company | S55: Vanceva® Ruby Red - VCV 0005 | T55: 13212159 | U55: # | V55: 256 | W55: 1586299370 | X55: 0 | Y55: 0.503076 | Z55: 0.658613 | AA55: 0
A56: 1906 | B56: 038_Vanceva_0006_3Clr.EMN | C56: IGDB v66.0 | D56: 1 | E56: 0 | F56: 6.3 | G56: 0.581735 | H56: 0.066743 | I56: 0.066925 | J56: 0.515691 | K56: 0.064739 | L56: 0.064775 | M56: 0 | N56: 0.84 | O56: 0.84 | P56: 0.788 | R56: Eastman Chemical Company | S56: Vanceva® Sapphire - VCV 0006 | T56: 15848960 | U56: # | V56: 256 | W56: 1586299370 | X56: 0 | Y56: 0.515691 | Z56: 0.581735 | AA56: 0
A57: 1907 | B57: 038_Vanceva_0007_3Clr.EMN | C57: IGDB v66.0 | D57: 1 | E57: 0 | F57: 6.3 | G57: 0.510861 | H57: 0.058269 | I57: 0.058177 | J57: 0.517839 | K57: 0.060489 | L57: 0.060159 | M57: 0 | N57: 0.84 | O57: 0.84 | P57: 0.788 | R57: Eastman Chemical Company | S57: Vanceva® Evening Shadow - VCV 0007 | T57: 11583171 | U57: # | V57: 256 | W57: 1586299370 | X57: 0 | Y57: 0.517839 | Z57: 0.510861 | AA57: 0
A58: 1908 | B58: 038_Vanceva_0008_3Clr.EMN | C58: IGDB v66.0 | D58: 1 | E58: 0 | F58: 6.32 | G58: 0.712137 | H58: 0.059356 | I58: 0.059286 | J58: 0.854367 | K58: 0.066152 | L58: 0.066047 | M58: 0 | N58: 0.84 | O58: 0.84 | P58: 0.789 | R58: Eastman Chemical Company | S58: Vanceva® Golden Light - VCV 0008 | T58: 10940911 | U58: # | V58: 256 | W58: 1586299370 | X58: 0 | Y58: 0.854367 | Z58: 0.712137 | AA58: 0
A59: 1909 | B59: 038_Vanceva_0009_3Clr.EMN | C59: IGDB v66.0 | D59: 1 | E59: 0 | F59: 6.3 | G59: 0.597939 | H59: 0.06731 | I59: 0.06731 | J59: 0.68103 | K59: 0.072282 | L59: 0.072282 | M59: 0 | N59: 0.84 | O59: 0.84 | P59: 0.788 | R59: Eastman Chemical Company | S59: Vanceva® Arctic Snow - VCV 0009 | T59: 13621463 | U59: # | V59: 256 | W59: 1586299370 | X59: 0 | Y59: 0.68103 | Z59: 0.597939 | AA59: 0
A60: 1910 | B60: 038_Vanceva_000A_3Clr.EMN | C60: IGDB v66.0 | D60: 1 | E60: 0 | F60: 6.3 | G60: 0.672659 | H60: 0.072677 | I60: 0.072677 | J60: 0.81395 | K60: 0.082727 | L60: 0.082727 | M60: 0 | N60: 0.84 | O60: 0.84 | P60: 0.788 | R60: Eastman Chemical Company | S60: Vanceva® Cool White - VCV 000A | T60: 14936806 | U60: # | V60: 256 | W60: 1586299370 | X60: 0 | Y60: 0.81395 | Z60: 0.672659 | AA60: 0
A61: 1911 | B61: 038_Vanceva_000C_3Clr.EMN | C61: IGDB v66.0 | D61: 1 | E61: 0 | F61: 6.3 | G61: 0.396468 | H61: 0.058311 | I61: 0.058415 | J61: 0.166266 | K61: 0.056887 | L61: 0.057063 | M61: 0 | N61: 0.84 | O61: 0.84 | P61: 0.788 | R61: Eastman Chemical Company | S61: Vanceva® Deep Red - VCV 000C | T61: 5781193 | U61: # | V61: 256 | W61: 1586299371 | X61: 0 | Y61: 0.166266 | Z61: 0.396468 | AA61: 0
... A76: 1890 | B76: 038_Vanceva_S-7558_3Clr.EMN | C76: IGDB v66.0 | D76: 1 | E76: 0 | F76: 6.3 | G76: 0.617238 | H76: 0.065691 | I76: 0.065664 | J76: 0.594111 | K76: 0.065998 | L76: 0.065921 | M76: 0 | N76: 0.84 | O76: 0.84 | P76: 0.788 | R76: Eastman Chemical Company | S76: Vanceva® Sky Earth Tone - RB S-7558 | T76: 14733493 | U76: # | V76: 256 | W76: 1586299368 | X76: 0 | Y76: 0.594111 | Z76: 0.617238 | AA76: 0
A77: 8211 | B77: 04_Bronze_10.syp | C77: IGDB v15.4 | D77: 1 | E77: 0 | F77: 10 | G77: 0.302965 | H77: 0.047316 | I77: 0.047316 | J77: 0.33077 | K77: 0.047989 | L77: 0.047989 | M77: 0 | N77: 0.84 | O77: 0.84 | P77: 1 | R77: SYP GLASS GROUP CO.,LTD | S77: 04-Bronze Float Glass | T77: 8951723 | V77: 256 | W77: 1510862478 | X77: 0 | Y77: 0.33077 | Z77: 0.302965 | AA77: 0
A78: 8212 | B78: 04_Bronze_12.syp | C78: IGDB v15.4 | D78: 1 | E78: 0 | F78: 12 | G78: 0.238652 | H78: 0.04564 | I78: 0.04564 | J78: 0.268993 | K78: 0.046291 | L78: 0.046291 | M78: 0 | N78: 0.84 | O78: 0.84 | P78: 1 | R78: SYP GLASS GROUP CO.,LTD | S78: 04-Bronze Float Glass | T78: 7899549 | V78: 256 | W78: 1510862479 | X78: 0 | Y78: 0.268993 | Z78: 0.238652 | AA78: 0
A79: 8213 | B79: 04_Bronze_6.syp | C79: IGDB v15.4 | D79: 1 | E79: 0 | F79: 6 | G79: 0.463475 | H79: 0.053895 | I79: 0.053895 | J79: 0.498537 | K79: 0.055099 | L79: 0.055099 | M79: 0 | N79: 0.84 | O79: 0.84 | P79: 1 | R79: SYP GLASS GROUP CO.,LTD | S79: 04-Bronze Float Glass | T79: 11385030 | V79: 256 | W79: 1510862479 | X79: 0 | Y79: 0.498537 | Z79: 0.463475 | AA79: 0
A80: 8214 | B80: 04_Bronze_8.syp | C80: IGDB v15.4 | D80: 1 | E80: 0 | F80: 8 | G80: 0.380578 | H80: 0.050348 | I80: 0.050348 | J80: 0.408827 | K80: 0.051115 | L80: 0.051115 | M80: 0 | N80: 0.84 | O80: 0.84 | P80: 1 | R80: SYP GLASS GROUP CO.,LTD | S80: 04-Bronze Float Glass | T80: 10135481 | V80: 256 | W80: 1510862479 | X80: 0 | Y80: 0.408827 | Z80: 0.380578 | AA80: 0
A81: 21519 | B81: 045_Clear_BG_R15_TRO.KUR | C81: IGDB v47.0 | D81: 1 | E81: 0 | F81: 5.31825 | G81: 0.785468 | H81: 0.074062 | I81: 0.074324 | J81: 0.894952 | K81: 0.080271 | L81: 0.079829 | M81: 0 | N81: 0.84 | O81: 0.84 | P81: 0.5631 | R81: Kuraray | S81: Trosifol 045 clear BG R15 PVB LAMINATE | T81: 15791345 | U81: # | V81: 256 | W81: 1510863490 | X81: 0 | Y81: 0.894952 | Z81: 0.785468 | AA81: 0
A82: 21503 | B82: 045_CLEAR_PVB6_BUT.KUR | C82: IGDB v47.0 | D82: 1 | E82: 0 | F82: 7.44 | G82: 0.739455 | H82: 0.068053 | I82: 0.068508 | J82: 0.887842 | K82: 0.074365 | L82: 0.074996 | M82: 0 | N82: 0.84 | O82: 0.84 | P82: 0.637 | R82: Kuraray | S82: Butacite NC010 | T82: 15725551 | U82: # | V82: 256 | W82: 1510863490 | X82: 0 | Y82: 0.887842 | Z82: 0.739455 | AA82: 0
A83: 8215 | B83: 05_Blue_10.syp | C83: IGDB v15.4 | D83: 1 | E83: 0 | F83: 10 | G83: 0.360986 | H83: 0.050137 | I83: 0.050137 | J83: 0.516305 | K83: 0.056451 | L83: 0.056451 | M83: 0 | N83: 0.84 | O83: 0.84 | P83: 1 | R83: SYP GLASS GROUP CO.,LTD | S83: 05-Blue Float Glass | T83: 14337693 | V83: 256 | W83: 1510862479 | X83: 0 | Y83: 0.516305 | Z83: 0.360986 | AA83: 0
A84: 8216 | B84: 05_Blue_12.syp | C84: IGDB v15.4 | D84: 1 | E84: 0 | F84: 12 | G84: 0.306816 | H84: 0.048465 | I84: 0.048465 | J84: 0.46147 | K84: 0.053981 | L84: 0.053981 | M84: 0 | N84: 0.84 | O84: 0.84 | P84: 1 | R84: SYP GLASS GROUP CO.,LTD | S84: 05-Blue Float Glass | T84: 13942414 | V84: 256 | W84: 1510862479 | X84: 0 | Y84: 0.46147 | Z84: 0.306816 | AA84: 0
A85: 8217 | B85: 05_Blue_6.syp | C85: IGDB v15.4 | D85: 1 | E85: 0 | F85: 6 | G85: 0.508157 | H85: 0.056695 | I85: 0.056695 | J85: 0.648624 | K85: 0.063832 | L85: 0.063832 | M85: 0 | N85: 0.84 | O85: 0.84 | P85: 1 | R85: SYP GLASS GROUP CO.,LTD | S85: 05-Blue Float Glass | T85: 14997693 | V85: 256 | W85: 1510862480 | X85: 0 | Y85: 0.648624 | Z85: 0.508157 | AA85: 0
A86: 8218 | B86: 05_Blue_8.syp | C86: IGDB v15.4 | D86: 1 | E86: 0 | F86: 8 | G86: 0.420942 | H86: 0.052477 | I86: 0.052477 | J86: 0.576958 | K86: 0.059729 | L86: 0.059729 | M86: 0 | N86: 0.84 | O86: 0.84 | P86: 1 | R86: SYP GLASS GROUP CO.,LTD | S86: 05-Blue Float Glass | T86: 14602156 | V86: 256 | W86: 1510862480 | X86: 0 | Y86: 0.576958 | Z86: 0.420942 | AA86: 0
A87: 1840 | B87: 051_Saflex_Acoustic_Q_3Clr.EMN | C87: IGDB v66.0 | D87: 1 | E87: 0 | F87: 6.43 | G87: 0.761817 | H87: 0.073333 | I87: 0.073245 | J87: 0.890155 | K87: 0.084083 | L87: 0.084133 | M87: 0 | N87: 0.84 | O87: 0.84 | P87: 0.746 | R87: Eastman Chemical Company | S87: Saflex® Acoustic - QS | T87: 15791087 | U87: # | V87: 256 | W87: 1586299365 | X87: 0 | Y87: 0.890155 | Z87: 0.761817 | AA87: 0
A88: 22501 | B88: 05t_Enlighten.GLW | C88: IGDB v110.0 | D88: 1 | E88: 0 | F88: 0.5 | G88: 0.918744 | H88: 0.077344 | I88: 0.07732 | J88: 0.920265 | K88: 0.078981 | L88: 0.079005 | M88: 0 | N88: 0.84 | O88: 0.84 | P88: 1.09 | R88: Corning Incorporated | S88: 0.5 mm Enlighten Glass | T88: 16054006 | U88: # | V88: 256 | W88: 1773376694 | X88: 0 | Y88: 0.920265 | Z88: 0.918744 | AA88: 0
A89: 21520 | B89: 060_Clear_BGR_TRO.KUR | C89: IGDB v49.0 | D89: 1 | E89: 0 | F89: 7.18 | G89: 0.812655 | H89: 0.075244 | I89: 0.075674 | J89: 0.89853 | K89: 0.081042 | L89: 0.081137 | M89: 0 | N89: 0.84 | O89: 0.84 | P89: 0.563 | R89: Kuraray | S89: Trosifol 060 clear BG R15 PVB LAMINATE | T89: 15791347 | U89: # | V89: 256 | W89: 1510863498 | X89: 0 | Y89: 0.89853 | Z89: 0.812655 | AA89: 0
A90: 21504 | B90: 060_CLEAR_PVB6_BUT.KUR | C90: IGDB v47.0 | D90: 1 | E90: 0 | F90: 7.8 | G90: 0.726336 | H90: 0.073916 | I90: 0.074347 | J90: 0.883945 | K90: 0.082101 | L90: 0.082349 | M90: 0 | N90: 0.84 | O90: 0.84 | P90: 0.58 | R90: Kuraray | S90: Butacite® NC010 | T90: 15660015 | U90: # | V90: 256 | W90: 1510863491 | X90: 0 | Y90: 0.883945 | Z90: 0.726336 | AA90: 0
A91: 21511 | B91: 060_CLEAR_SG6.KUR | C91: IGDB v56.0 | D91: 1 | E91: 0 | F91: 7.524 | G91: 0.740402 | H91: 0.065305 | I91: 0.065305 | J91: 0.888392 | K91: 0.074476 | L91: 0.074427 | M91: 0 | N91: 0.84 | O91: 0.84 | P91: 0.5567 | R91: Kuraray | S91: SentryGlas® | T91: 15791087 | U91: # | V91: 256 | W91: 1510863491 | X91: 0 | Y91: 0.888392 | Z91: 0.740402 | AA91: 0
A92: 21522 | B92: 060_CLEAR_XTSP.KUR | C92: IGDB v47.0 | D92: 1 | E92: 0 | F92: 5.674 | G92: 0.777922 | H92: 0.074216 | I92: 0.07462 | J92: 0.896436 | K92: 0.080919 | L92: 0.080513 | M92: 0 | N92: 0.84 | O92: 0.84 | P92: 0.5101 | R92: Kuraray | S92: Trosifol 060 XT_SP PVB LAMINATE | T92: 15791345 | U92: # | V92: 256 | W92: 1510863491 | X92: 0 | Y92: 0.896436 | Z92: 0.777922 | AA92: 0
A93: 21514 | B93: 060_SentryGlas_NUV.KUR | C93: IGDB v67.0 | D93: 1 | E93: 0 | F93: 5.779 | G93: 0.816488 | H93: 0.07294 | I93: 0.07294 | J93: 0.901557 | K93: 0.080733 | L93: 0.080733 | M93: 0 | N93: 0.837 | O93: 0.837 | P93: 0.506 | R93: Kuraray | S93: SentryGlas Natural UV | T93: 15856883 | U93: # | V93: 256 | W93: 1586299407 | X93: 0 | Y93: 0.901557 | Z93: 0.816488 | AA93: 0
A94: 21553 | B94: 060_UltraClear.KUR | C94: IGDB v67.0 | D94: 1 | E94: 0 | F94: 5.261 | G94: 0.792826 | H94: 0.076581 | I94: 0.076581 | J94: 0.902433 | K94: 0.085835 | L94: 0.085835 | M94: 0 | N94: 0.837 | O94: 0.837 | P94: 0.523 | R94: Kuraray | S94: Trosifol UltraClear | T94: 15725811 | U94: # | V94: 256 | W94: 1586299522 | X94: 0 | Y94: 0.902433 | Z94: 0.792826 | AA94: 0
A95: 1841 | B95: 064_Saflex_Acoustic_Q_3Clr.EMN | C95: IGDB v66.0 | D95: 1 | E95: 0 | F95: 6.58 | G95: 0.733172 | H95: 0.058442 | I95: 0.05891 | J95: 0.878076 | K95: 0.06423 | L95: 0.064742 | M95: 0 | N95: 0.84 | O95: 0.84 | P95: 0.71 | R95: Eastman Chemical Company | S95: Saflex® Acoustic - QS | T95: 15659758 | U95: # | V95: 256 | W95: 1586299519 | X95: 0 | Y95: 0.878076 | Z95: 0.733172 | AA95: 0
A96: 29051 | B96: 076_PFBT_3Clr.CCP | C96: IGDB v98.0 | D96: 1 | E96: 0 | F96: 6.35 | G96: 0.752877 | H96: 0.068883 | I96: 0.068883 | J96: 0.881192 | K96: 0.078577 | L96: 0.078577 | M96: 0 | N96: 0.84 | O96: 0.84 | P96: 0.705 | R96: Chang Chun Petrochemical Co.,Ltd. | S96: WINLITE_Polyvinyl Butyral Film_PFBT | T96: 15594223 | V96: 256 | W96: 1739489646 | X96: 0 | Y96: 0.881192 | Z96: 0.752877 | AA96: 0
A97: 1811 | B97: 076_Saflex CrstlClr_LoFeRB4N.EMN | C97: IGDB v81.0 | D97: 1 | E97: 0 | F97: 6.704 | G97: 0.846617 | H97: 0.0831 | I97: 0.083166 | J97: 0.907383 | K97: 0.088936 | L97: 0.089048 | M97: 0 | N97: 0.84 | O97: 0.84 | P97: 0.68 | R97: Eastman Chemical Company | S97: Saflex® RB4N Crystal Clear | T97: 15857140 | U97: # | V97: 256 | W97: 1675888761 | X97: 0 | Y97: 0.907383 | Z97: 0.846617 | AA97: 0
A98: 1842 | B98: 076_Saflex_Acoustic_Q_3Clr.EMN | C98: IGDB v66.0 | D98: 1 | E98: 0 | F98: 6.68 | G98: 0.751298 | H98: 0.073155 | I98: 0.073191 | J98: 0.886415 | K98: 0.084394 | L98: 0.084338 | M98: 0 | N98: 0.84 | O98: 0.84 | P98: 0.68 | R98: Eastman Chemical Company | S98: Saflex® Acoustic - QS | T98: 15725551 | U98: # | V98: 256 | W98: 1586299365 | X98: 0 | Y98: 0.886415 | Z98: 0.751298 | AA98: 0
A99: 1801 | B99: 076_Saflex_Clear_3Clr.EMN | C99: IGDB v66.0 | D99: 1 | E99: 0 | F99: 6.68 | G99: 0.751514 | H99: 0.073215 | I99: 0.0731 | J99: 0.886802 | K99: 0.084698 | L99: 0.08437 | M99: 0 | N99: 0.84 | O99: 0.84 | P99: 0.68 | R99: Eastman Chemical Company | S99: Saflex® Clear - RA|RB | T99: 15725551 | U99: # | V99: 256 | W99: 1586299363 | X99: 0 | Y99: 0.886802 | Z99: 0.751514 | AA99: 0
A100: 1860 | B100: 076_Saflex_Solar_SG_3Clr.EMN | C100: IGDB v66.0 | D100: 1 | E100: 0 | F100: 6.68 | G100: 0.366181 | H100: 0.056827 | I100: 0.056398 | J100: 0.756028 | K100: 0.074535 | L100: 0.074038 | M100: 0 | N100: 0.84 | O100: 0.84 | P100: 0.68 | R100: Eastman Chemical Company | S100: Saflex® Solar - SG41S5 | T100: 14869973 | U100: # | V100: 256 | W100: 1586299366 | X100: 0 | Y100: 0.756028 | Z100: 0.366181 | AA100: 0
A101: 1861 | B101: 076_Saflex_Solar_SH_3Clr.EMN | C101: IGDB v66.0 | D101: 1 | E101: 0 | F101: 6.68 | G101: 0.510831 | H101: 0.060772 | I101: 0.060869 | J101: 0.831732 | K101: 0.078865 | L101: 0.078971 | M101: 0 | N101: 0.84 | O101: 0.84 | P101: 0.68 | R101: Eastman Chemical Company | S101: Saflex® Solar - SH41S4 | T101: 15331044 | U101: # | V101: 256 | W101: 1586299366 | X101: 0 | Y101: 0.831732 | Z101: 0.510831 | AA101: 0
A102: 1850 | B102: 076_Saflex_Strct_DG_3Clr.EMN | C102: IGDB v66.0 | D102: 1 | E102: 0 | F102: 6.7 | G102: 0.743168 | H102: 0.058413 | I102: 0.058426 | J102: 0.878501 | K102: 0.063235 | L102: 0.063349 | M102: 0 | N102: 0.84 | O102: 0.84 | P102: 0.681 | R102: Eastman Chemical Company | S102: Saflex® Structural - DG41 | T102: 15659758 | U102: # | V102: 256 | W102: 1586299365 | X102: 0 | Y102: 0.878501 | Z102: 0.743168 | AA102: 0
A103: 1851 | B103: 076_Saflex_Strct_DGXC_3Clr.EMN | C103: IGDB v66.0 | D103: 1 | E103: 0 | F103: 6.7 | G103: 0.743666 | H103: 0.059292 | I103: 0.058892 | J103: 0.87323 | K103: 0.064254 | L103: 0.063813 | M103: 0 | N103: 0.84 | O103: 0.84 | P103: 0.681 | R103: Eastman Chemical Company | S103: Saflex® Structural - DG41XC | T103: 15659757 | U103: # | V103: 256 | W103: 1586299365 | X103: 0 | Y103: 0.87323 | Z103: 0.743666 | AA103: 0
A104: 1870 | B104: 076_Saflex_UV_4U_3Clr.EMN | C104: IGDB v66.0 | D104: 1 | E104: 0 | F104: 6.7 | G104: 0.719091 | H104: 0.058242 | I104: 0.058186 | J104: 0.878361 | K104: 0.064515 | L104: 0.064448 | M104: 0 | N104: 0.84 | O104: 0.84 | P104: 0.681 | R104: Eastman Chemical Company | S104: Saflex® UV - High UV Cut - RB4U | T104: 15332333 | U104: # | V104: 256 | W104: 1586299519 | X104: 0 | Y104: 0.878361 | Z104: 0.719091 | AA104: 0
A105: 1892 | B105: 076_Vanceva_S-2165_3Clr.EMN | C105: IGDB v66.0 | D105: 1 | E105: 0 | F105: 6.68 | G105: 0.571188 | H105: 0.065599 | I105: 0.065599 | J105: 0.650284 | K105: 0.070121 | L105: 0.070121 | M105: 0 | N105: 0.84 | O105: 0.84 | P105: 0.68 | R105: Eastman Chemical Company | S105: Vanceva®Arctic Snow Earth Tone - RB S-2165 | T105: 13423571 | U105: # | V105: 256 | W105: 1586299368 | X105: 0 | Y105: 0.650284 | Z105: 0.571188 | AA105: 0
A106: 1893 | B106: 076_Vanceva_S-2180_3Clr.EMN | C106: IGDB v66.0 | D106: 1 | E106: 0 | F106: 6.68 | G106: 0.649225 | H106: 0.075121 | I106: 0.075741 | J106: 0.793998 | K106: 0.086539 | L106: 0.086932 | M106: 0 | N106: 0.84 | O106: 0.84 | P106: 0.68 | R106: Eastman Chemical Company | S106: Vanceva® Cool White Earth Tone - RB S-2180 | T106: 14804964 | U106: # | V106: 256 | W106: 1586299368 | X106: 0 | Y106: 0.793998 | Z106: 0.649225 | AA106: 0
A107: 1894 | B107: 076_Vanceva_S-3773_3Clr.EMN | C107: IGDB v66.0 | D107: 1 | E107: 0 | F107: 6.7 | G107: 0.633289 | H107: 0.052439 | I107: 0.052842 | J107: 0.719513 | K107: 0.054193 | L107: 0.054683 | M107: 0 | N107: 0.84 | O107: 0.84 | P107: 0.681 | R107: Eastman Chemical Company | S107: Vanceva® Marine Earth Tone - RB S-3773 | T107: 14541767 | U107: # | V107: 256 | W107: 1586299518 | X107: 0 | Y107: 0.719513 | Z107: 0.633289 | AA107: 0
A108: 1896 | B108: 076_Vanceva_S-5538_3Clr.EMN | C108: IGDB v66.0 | D108: 1 | E108: 0 | F108: 6.68 | G108: 0.433099 | H108: 0.056241 | I108: 0.055906 | J108: 0.38572 | K108: 0.056727 | L108: 0.056269 | M108: 0 | N108: 0.84 | O108: 0.84 | P108: 0.68 | R108: Eastman Chemical Company | S108: Vanceva® Limestone 38 Earth Tone - RB S-5538 | T108: 10527667 | U108: # | V108: 256 | W108: 1586299368 | X108: 0 | Y108: 0.38572 | Z108: 0.433099 | AA108: 0
... A117: 21523 | B117: 090_CLEAR_XTSP.KUR | C117: IGDB v47.0 | D117: 1 | E117: 0 | F117: 6.375 | G117: 0.766435 | H117: 0.073825 | I117: 0.074502 | J117: 0.897134 | K117: 0.08077 | L117: 0.080508 | M117: 0 | N117: 0.84 | O117: 0.84 | P117: 0.4418 | R117: Kuraray | S117: Trosifol 090 XT_SP PVB LAMINATE | T117: 15725810 | U117: # | V117: 256 | W117: 1510863489 | X117: 0 | Y117: 0.897134 | Z117: 0.766435 | AA117: 0
A118: 2600 | B118: 098MC.ATO | C118: IGDB v11.4 | D118: 1 | E118: 0 | F118: 2.4892 | G118: 0.854016 | H118: 0.07061 | I118: 0.070334 | J118: 0.922921 | K118: 0.073629 | L118: 0.073444 | M118: 0 | N118: 0.9 | O118: 0.9 | P118: 0.186916 | R118: ATOFINA Chemicals, Inc. | S118: Plexiglas® MC | T118: 16054006 | V118: 256 | W118: 1510862454 | X118: 0 | Y118: 0.922921 | Z118: 0.854016 | AA118: 0
A119: 18511 | B119: 10 Low-E N 31_18_CL.TEG | C119: IGDB v49.0 | D119: 1 | E119: 0 | F119: 10.02792 | G119: 0.137116 | H119: 0.267752 | I119: 0.575166 | J119: 0.338907 | K119: 0.193576 | L119: 0.142606 | M119: 0 | N119: 0.841957 | O119: 0.031527 | P119: 0.99998 | R119: TECNOGLASS SA | S119: Low-E N31/18 on Clear 10mm | T119: 10068371 | U119: # | V119: 256 | W119: 1510863005 | X119: 0 | Y119: 0.338907 | Z119: 0.137116 | AA119: 0
A120: 18512 | B120: 10 Low-E N 40_22_CL.TEG | C120: IGDB v49.0 | D120: 1 | E120: 0 | F120: 10.00506 | G120: 0.2 | H120: 0.180937 | I120: 0.481342 | J120: 0.43107 | K120: 0.125726 | L120: 0.050832 | M120: 0 | N120: 0.841951 | O120: 0.033532 | P120: 0.99998 | R120: TECNOGLASS SA | S120: Low-E N40/22 on Clear 10mm | T120: 11776678 | U120: # | V120: 256 | W120: 1510863005 | X120: 0 | Y120: 0.43107 | Z120: 0.2 | AA120: 0
A121: 18513 | B121: 10 Low-E N 48_25_CL.TEG | C121: IGDB v49.0 | D121: 1 | E121: 0 | F121: 9.8171 | G121: 0.232298 | H121: 0.218786 | I121: 0.499446 | J121: 0.530156 | K121: 0.101401 | L121: 0.034808 | M121: 0 | N121: 0.842689 | O121: 0.03401 | P121: 0.99998 | R121: TECNOGLASS SA | S121: Low-E N48/25 on Clear 10mm | T121: 12567733 | U121: # | V121: 256 | W121: 1510863005 | X121: 0 | Y121: 0.530156 | Z121: 0.232298 | AA121: 0
A122: 18570 | B122: 10 Low-E R 36_23_CL.TEG | C122: IGDB v55.0 | D122: 1 | E122: 0 | F122: 9.45134 | G122: 0.199656 | H122: 0.381022 | I122: 0.463583 | J122: 0.37595 | K122: 0.433995 | L122: 0.166288 | M122: 0 | N122: 0.842476 | O122: 0.035889 | P122: 0.99998 | R122: TECNOGLASS SA | S122: Low-E R36/23 on Clear 10mm | T122: 10397854 | U122: # | V122: 256 | W122: 1510863101 | X122: 0 | Y122: 0.37595 | Z122: 0.199656 | AA122: 0
A123: 18573 | B123: 10 Low-E R 43_28_CL.TEG | C123: IGDB v54.0 | D123: 1 | E123: 0 | F123: 9.425941 | G123: 0.255678 | H123: 0.307003 | I123: 0.353999 | J123: 0.451188 | K123: 0.321757 | L123: 0.076308 | M123: 0 | N123: 0.842476 | O123: 0.047656 | P123: 0.99998 | R123: TECNOGLASS SA | S123: Low-E R43/28 on Clear 10mm | T123: 11712169 | U123: # | V123: 256 | W123: 1510863076 | X123: 0 | Y123: 0.451188 | Z123: 0.255678 | AA123: 0
A124: 18576 | B124: 10 Low-E R 47_31_CL.TEG | C124: IGDB v54.0 | D124: 1 | E124: 0 | F124: 9.5758 | G124: 0.288755 | H124: 0.30422 | I124: 0.41165 | J124: 0.520688 | K124: 0.305188 | L124: 0.143612 | M124: 0 | N124: 0.842476 | O124: 0.041807 | P124: 0.99998 | R124: TECNOGLASS SA | S124: Low-E R47/31 on Clear 10mm | T124: 12173752 | U124: # | V124: 256 | W124: 1510863077 | X124: 0 | Y124: 0.520688 | Z124: 0.288755 | AA124: 0
A125: 18618 | B125: 10 Low-E R 59_37_CL.TEG | C125: IGDB v58.0 | D125: 1 | E125: 0 | F125: 9.99236 | G125: 0.357426 | H125: 0.320348 | I125: 0.472768 | J125: 0.657433 | K125: 0.240544 | L125: 0.181987 | M125: 0 | N125: 0.842476 | O125: 0.040415 | P125: 0.99998 | R125: TECNOGLASS SA | S125: Low-E R59/37 on Clear 10mm | T125: 13096656 | U125: # | V125: 256 | W125: 1513283427 | X125: 0 | Y125: 0.657433 | Z125: 0.357426 | AA125: 0
A126: 18619 | B126: 10 Low-E R 59_37_OWT.TEG | C126: IGDB v58.0 | D126: 1 | E126: 0 | F126: 9.4488 | G126: 0.397305 | H126: 0.467916 | I126: 0.476347 | J126: 0.671818 | K126: 0.255783 | L126: 0.185742 | M126: 0 | N126: 0.842476 | O126: 0.040331 | P126: 0.99998 | R126: TECNOGLASS SA | S126: Low-E R59/37 on Optiwhite? 10mm | T126: 13293524 | U126: # | V126: 256 | W126: 1513283427 | X126: 0 | Y126: 0.671818 | Z126: 0.397305 | AA126: 0
A127: 20749 | B127: 10 mm Stopray Titanium-34T.oag | C127: IGDB v81.0 | D127: 1 | E127: 0 | F127: 9.85 | G127: 0.110658 | H127: 0.483884 | I127: 0.0874 | J127: 0.225418 | K127: 0.050937 | L127: 0.045848 | M127: 0 | N127: 0.030711 | O127: 0.84 | P127: 1 | R127: AGC Obeikan Glass | S127: 10 mm Stopray Titanium-34T | T127: 8618879 | U127: # | V127: 256 | W127: 1675888730 | X127: 0 | Y127: 0.225418 | Z127: 0.110658 | AA127: 0
A128: 20743 | B128: 10 mm Stopray Vision 72T.oag | C128: IGDB v81.0 | D128: 1 | E128: 0 | F128: 9.85 | G128: 0.3487 | H128: 0.493572 | I128: 0.352606 | J128: 0.781095 | K128: 0.076933 | L128: 0.080297 | M128: 0 | N128: 0.01792 | O128: 0.84 | P128: 1 | R128: AGC Obeikan Glass | S128: 10 mm Stopray Vision-72T | T128: 14477279 | U128: # | V128: 256 | W128: 1675888730 | X128: 0 | Y128: 0.781095 | Z128: 0.3487 | AA128: 0
A129: 28600 | B129: 10 mm Stopray Vision-40T.oag | C129: IGDB v84.0 | D129: 1 | E129: 0 | F129: 9.85 | G129: 0.196353 | H129: 0.525643 | I129: 0.400351 | J129: 0.439594 | K129: 0.107243 | L129: 0.174695 | M129: 0 | N129: 0.019679 | O129: 0.84 | P129: 1 | R129: AGC Obeikan Glass | S129: 10 mm Stopray Vision-40T | T129: 10990760 | U129: # | V129: 256 | W129: 1675888739 | X129: 0 | Y129: 0.439594 | Z129: 0.196353 | AA129: 0
A130: 28601 | B130: 10 mm Stopray Vision-51T.oag | C130: IGDB v84.0 | D130: 1 | E130: 0 | F130: 9.85 | G130: 0.250955 | H130: 0.513144 | I130: 0.373736 | J130: 0.543001 | K130: 0.096146 | L130: 0.122961 | M130: 0 | N130: 0.019959 | O130: 0.84 | P130: 1 | R130: AGC Obeikan Glass | S130: 10 mm Stopray Vision-51T | T130: 12567994 | U130: # | V130: 256 | W130: 1675888739 | X130: 0 | Y130: 0.543001 | Z130: 0.250955 | AA130: 0
A131: 20746 | B131: 10 mm Stopray Vision-72T on clearvision.oag | C131: IGDB v81.0 | D131: 1 | E131: 0 | F131: 9.85 | G131: 0.366872 | H131: 0.49386 | I131: 0.435796 | J131: 0.803803 | K131: 0.078564 | L131: 0.082451 | M131: 0 | N131: 0.01792 | O131: 0.84 | P131: 1 | R131: AGC Obeikan Glass | S131: 10 mm Stopray Vision-72T on Clearvision | T131: 14740195 | U131: # | V131: 256 | W131: 1675888730 | X131: 0 | Y131: 0.803803 | Z131: 0.366872 | AA131: 0
A132: 2912 | B132: 10_38clami.xyg | C132: IGDB v17.2 | D132: 1 | E132: 0 | F132: 10.28 | G132: 0.723181 | H132: 0.06689 | I132: 0.066658 | J132: 0.880016 | K132: 0.073324 | L132: 0.073496 | M132: 0 | N132: 0.84 | O132: 0.84 | P132: 0.879 | R132: XYG Glass | S132: _XYG Lami 5C+015CPVB+5C | T132: 15594477 | V132: 256 | W132: 1510863277 | X132: 0 | Y132: 0.880016 | Z132: 0.723181 | AA132: 0
A133: 9710 | B133: 10_Clear.OCN | C133: IGDB v73.0 | D133: 1 | E133: 0 | F133: 9.96 | G133: 0.67194 | H133: 0.068573 | I133: 0.06539 | J133: 0.853361 | K133: 0.081353 | L133: 0.080543 | M133: 0 | N133: 0.84 | O133: 0.84 | P133: 1 | R133: Oceania Glass | S133: 10mm QFloat? Clear | T133: 15528167 | V133: 256 | W133: 1595272246 | X133: 0 | Y133: 0.853361 | Z133: 0.67194 | AA133: 0
A134: 9779 | B134: 10_EnTechLite.OCN | C134: IGDB v77.0 | D134: 1 | E134: 0 | F134: 9.84 | G134: 0.647772 | H134: 0.101987 | I134: 0.089308 | J134: 0.799369 | K134: 0.130157 | L134: 0.122666 | M134: 0 | N134: 0.286851 | O134: 0.84 | P134: 1 | R134: Oceania Glass | S134: 10mm EnergyTech? Lite | T134: 15002083 | V134: 256 | W134: 1675888664 | X134: 0 | Y134: 0.799369 | Z134: 0.647772 | AA134: 0
A135: 9736 | B135: 10_Grey.OCN | C135: IGDB v73.0 | D135: 1 | E135: 0 | F135: 10.01 | G135: 0.258739 | H135: 0.043951 | I135: 0.048098 | J135: 0.247057 | K135: 0.045068 | L135: 0.050092 | M135: 0 | N135: 0.84 | O135: 0.84 | P135: 1 | R135: Oceania Glass | S135: 10mm QFloat? Grey | T135: 9275273 | V135: 256 | W135: 1595272273 | X135: 0 | Y135: 0.247057 | Z135: 0.258739 | AA135: 0
A136: 9785 | B136: 10_SClear.OCN | C136: IGDB v73.0 | D136: 1 | E136: 0 | F136: 9.85 | G136: 0.858387 | H136: 0.082311 | I136: 0.082188 | J136: 0.904556 | K136: 0.088681 | L136: 0.088801 | M136: 0 | N136: 0.84 | O136: 0.84 | P136: 1 | R136: Oceania Glass | S136: 10mm QFloat SuperClear? | T136: 15922675 | V136: 256 | W136: 1595272267 | X136: 0 | Y136: 0.904556 | Z136: 0.858387 | AA136: 0
A137: 9756 | B137: 10_SlTech.OCN | C137: IGDB v76.0 | D137: 1 | E137: 0 | F137: 9.85 | G137: 0.430414 | H137: 0.116441 | I137: 0.079164 | J137: 0.616872 | K137: 0.096173 | L137: 0.082676 | M137: 0 | N137: 0.170654 | O137: 0.84 | P137: 1 | R137: Oceania Glass | S137: 10mm SolTech? Neutral | T137: 13685189 | V137: 256 | W137: 1614645762 | X137: 0 | Y137: 0.616872 | Z137: 0.430414 | AA137: 0
A138: 21513 | B138: 100_CLEAR_SG6.KUR | C138: IGDB v49.0 | D138: 1 | E138: 0 | F138: 8.86 | G138: 0.706296 | H138: 0.070029 | I138: 0.071766 | J138: 0.875695 | K138: 0.078861 | L138: 0.07962 | M138: 0 | N138: 0.84 | O138: 0.84 | P138: 0.484 | R138: Kuraray | S138: SentryGlas® | T138: 15528686 | U138: # | V138: 256 | W138: 1510863497 | X138: 0 | Y138: 0.875695 | Z138: 0.706296 | AA138: 0
A139: 1114 | B139: 100SGP6.DUP | C139: IGDB v17.0 | D139: 1 | E139: 0 | F139: 8.86 | G139: 0.706296 | H139: 0.070029 | I139: 0.071766 | J139: 0.875695 | K139: 0.078861 | L139: 0.07962 | M139: 0 | N139: 0.84 | O139: 0.84 | P139: 0.484 | R139: DuPont | S139: SentryGlas® Plus | T139: 15528686 | U139: # | V139: 256 | W139: 1510863265 | X139: 0 | Y139: 0.875695 | Z139: 0.706296 | AA139: 0
A140: 2069 | B140: 101SGP-B.CIG | C140: IGDB v20.0 | D140: 1 | E140: 0 | F140: 10.14 | G140: 0.476522 | H140: 0.05519 | I140: 0.055644 | J140: 0.610721 | K140: 0.062732 | L140: 0.063675 | M140: 0 | N140: 0.84 | O140: 0.84 | P140: 0.592 | R140: Cardinal Glass Industries | S140: Bronze-4 / .090 SGP / Clear-4 | T140: 12635347 | U140: # | V140: 256 | W140: 1510863291 | X140: 0 | Y140: 0.610721 | Z140: 0.476522 | AA140: 0
A141: 2065 | B141: 101SGP-C.CIG | C141: IGDB v20.0 | D141: 1 | E141: 0 | F141: 10.4 | G141: 0.709185 | H141: 0.072878 | I141: 0.073036 | J141: 0.880904 | K141: 0.087525 | L141: 0.087438 | M141: 0 | N141: 0.84 | O141: 0.84 | P141: 0.598 | R141: Cardinal Glass Industries | S141: Clear-4 / .090 SGP / Clear-4 | T141: 15659758 | U141: # | V141: 256 | W141: 1510863291 | X141: 0 | Y141: 0.880904 | Z141: 0.709185 | AA141: 0
A142: 2066 | B142: 101SGP-G.CIG | C142: IGDB v20.0 | D142: 1 | E142: 0 | F142: 10.14 | G142: 0.432471 | H142: 0.053001 | I142: 0.05185 | J142: 0.525845 | K142: 0.055032 | L142: 0.056092 | M142: 0 | N142: 0.84 | O142: 0.84 | P142: 0.592 | R142: Cardinal Glass Industries | S142: Gray-4 / .090 SGP / Clear-4 | T142: 12566719 | U142: # | V142: 256 | W142: 1510863291 | X142: 0 | Y142: 0.525845 | Z142: 0.432471 | AA142: 0
A143: 9743 | B143: 10EnTech.OCN | C143: IGDB v73.0 | D143: 1 | E143: 0 | F143: 9.72 | G143: 0.601893 | H143: 0.090367 | I143: 0.104825 | J143: 0.790664 | K143: 0.106436 | L143: 0.115644 | M143: 0 | N143: 0.84 | O143: 0.16 | P143: 1 | R143: Oceania Glass | S143: 10mm EnergyTech? Clear | T143: 14805218 | V143: 256 | W143: 1595272265 | X143: 0 | Y143: 0.790664 | Z143: 0.601893 | AA143: 0
A144: 17492 | B144: 10mm Low-iron NS88.WHG | C144: IGDB v88.0 | D144: 1 | E144: 0 | F144: 10.01 | G144: 0.820127 | H144: 0.094294 | I144: 0.098884 | J144: 0.879431 | K144: 0.103073 | L144: 0.103926 | M144: 0 | N144: 0.845172 | O144: 0.275205 | P144: 1 | R144: BEIJING WUHUATIANBAO GLASS CO.,LTD | S144: 10mm Low-iron NS88 | T144: 15528434 | U144: # | V144: 256 | W144: 1675888748 | X144: 0 | Y144: 0.879431 | Z144: 0.820127 | AA144: 0
A145: 28201 | B145: 10mm _CLR_Rockglass.CUW | C145: IGDB v78.0 | D145: 1 | E145: 0 | F145: 9.8818 | G145: 0.754445 | H145: 0.080465 | I145: 0.080465 | J145: 0.815923 | K145: 0.083213 | L145: 0.083213 | M145: 0 | N145: 0.89521 | O145: 0.89521 | P145: 0.2 | R145: Clear Secure Unbreakable Windows | S145: 10mm _CLR_Rockglass | T145: 15395559 | V145: 256 | W145: 1675888717 | X145: 0 | Y145: 0.815923 | Z145: 0.754445 | AA145: 0
A146: 17489 | B146: 10mmWT160 on clear.WHG | C146: IGDB v68.0 | D146: 1 | E146: 0 | F146: 9.73 | G146: 0.217139 | H146: 0.241425 | I146: 0.50222 | J146: 0.535332 | K146: 0.129986 | L146: 0.126497 | M146: 0 | N146: 0.848138 | O146: 0.043668 | P146: 1 | R146: BEIJING WUHUATIANBAO GLASS CO.,LTD | S146: 10mmWT160 on clear | T146: 12240564 | U146: # | V146: 256 | W146: 1586299472 | X146: 0 | Y146: 0.535332 | Z146: 0.217139 | AA146: 0
...

Sheet IGSDB Product Availability
B1: IGSDB Coated Glass Availability Matrix (NFRC ID)
B2: Manufacturer | C2: Product Name | D2: 4mm | E2: 5mm | F2: 6mm | G2: Notes
B3: Cardinal | C3: C180 | D3: 2192 | E3: 2193 | F3: 2194
B4: Cardinal | C4: C270 | D4: 2027 | E4: 2028 | F4: 2029
B5: Cardinal | C5: C272 | D5: 2012 | E5: 2013 | F5: 2014
B6: Cardinal | C6: C340 | D6: 2165 | E6: 2166 | F6: 2167
B7: Cardinal | C7: C366 | D7: 2155 | E7: 2156 | F7: 2157
B8: Cardinal | C8: C452 | D8: 2105 | E8: 2106 | F8: 2107
B9: Vitro | C9: SB60 Clear | D9: 5282 | E9: 5283 | F9: 5284
B10: Vitro | C10: SB70 Clear | D10: 5433 | E10: 5434 | F10: 5439
B11: Vitro | C11: SB67 | E11: 5475 | F11: 5476 | G11: 5 & 6mm only
B12: Saint-Gobain | C12: ECLAZ II | D12: 20754 | E12: 20755 | F12: 20756 | G12: II = to-be-tempered; annealed also exists. Commercial name: ECLAZ Lumi. Formerly just "ECLAZ"; renamed as part of the ECLAZ range (Lumi/Zen/Sun) launched Oct 2023.
A13: New Add | B13: Saint-Gobain | C13: ECLAZ ONE II | D13: 20762 | E13: 20763 | F13: 20764 | G13: II = to-be-tempered; annealed ECLAZ ONE also exists. Commercial name: ECLAZ Zen (replaced ECLAZ ONE, Oct 2023). Part of ECLAZ range (Lumi/Zen/Sun).
B14: Saint-Gobain | C14: SKN 183 II | F14: 20896 | G14: II = to-be-tempered; annealed SKN 183 also in IGSDB (ID 20892); 6mm only
B15: Saint-Gobain | C15: XTREME 61-29 II | D15: 20979 | F15: 20980 | G15: II = to-be-tempered; annealed XTREME 61-29 also in IGSDB; 4 & 6mm only
B16: Vitro | C16: SB60 Solexia | F16: 5254 | G16: 6mm only
B17: Vitro | C17: SB60 Solarbronze | E17: 5273 | F17: 5274 | G17: 5 & 6mm
B18: Vitro | C18: SB60 Solargray | D18: 5287 | E18: 5288 | F18: 5289
B19: Vitro | C19: SB60 Optigray | F19: 5265 | G19: 6mm only
B20: Vitro | C20: SB60 Solarblue | F20: 5364 | G20: 6mm only
B21: Vitro | C21: SB60 Optiblue | E21: 5423 | F21: 5424 | G21: 5 & 6mm
B22: Vitro | C22: SB70 Solexia | F22: 5393 | G22: 6mm only
B23: Vitro | C23: SB70 Solarbronze | F23: 5377 | G23: 6mm only
B24: Vitro | C24: SB70 Solargray | E24: 5372 | F24: 5373 | G24: No 4mm
B25: Vitro | C25: SB70 Optigray | F25: 5390 | G25: 6mm only
B26: Vitro | C26: SB70 Solarblue | F26: 5396 | G26: 6mm only
B27: Vitro | C27: SB70 Optiblue | E27: 5427 | F27: 5428 | G27: No 4mm
A28: New Add | B28: Vitro | C28: SB60 Starphire | E28: 5348 | F28: 5349 | G28: IGSDB name: Solarban® 60 on Starphire®. No 4mm; 5mm (4.67mm actual), 6mm (5.66mm actual). Also available: 3mm (ID 5346), 8mm (ID 5251), 10mm (ID 5252).
A29: New Add | B29: Vitro | C29: SB72 Starphire | F29: 5435 | G29: IGSDB name: Solarban® 72 on Starphire®. Maps to "SB70" on Starphire in product configs. 6mm only (5.66mm actual). Also available: 8mm (ID 5436), 10mm (ID 5437). No 4mm or 5mm.
B30: Cardinal | C30: Clear Float Glass | D30: 2002 | E30: 2003 | F30: 2004
B31: Vitro | C31: Clear Float Glass | D31: 413 | E31: 414 | F31: 415
B32: Saint-Gobain | C32: SGG PLANICLEAR | D32: 21011 | E32: 21012 | F32: 21013
B33: Vitro | C33: Starphire | D33: 5002 | E33: 5003 | F33: 5004 | G33: Low-iron clear; pair with Starphire-substrate coatings (SB60/SB72 Starphire). Also: 3mm=5001, 8mm=5005.

Sheet Enthermal Configs
A1: Enthermal — Double Pane (Low-E on Surface 2) — IGSDB Verified
A3: Package 1 — Clear Substrate Coatings
A4: # | B4: Coating (Surface 2) | C4: IGSDB Thicknesses | D4: Available Combos (outer/inner mm) | E4: Configs | F4: Notes | G4: Clear lite (inner)
A5: 1 | B5: C180 | C5: 4, 5, 6 | D5: 4/4, 5/4, 5/5, 6/4, 6/5, 6/6 | E5: 6 | G5: =IF(ISNUMBER(SEARCH("Starphire",B5)),"Inner clear — Vitro Starphire (low-iron match)","Inner clear, same mfr as coating") -> Inner clear, same mfr as coating
A6: 2 | B6: C270 | C6: 4, 5, 6 | D6: 4/4, 5/4, 5/5, 6/4, 6/5, 6/6 | E6: 6 | G6: =IF(ISNUMBER(SEARCH("Starphire",B6)),"Inner clear — Vitro Starphire (low-iron match)","Inner clear, same mfr as coating") -> Inner clear, same mfr as coating
A7: 3 | B7: C272 | C7: 4, 5, 6 | D7: 4/4, 5/4, 5/5, 6/4, 6/5, 6/6 | E7: 6 | G7: =IF(ISNUMBER(SEARCH("Starphire",B7)),"Inner clear — Vitro Starphire (low-iron match)","Inner clear, same mfr as coating") -> Inner clear, same mfr as coating
A8: 4 | B8: C340 | C8: 4, 5, 6 | D8: 4/4, 5/4, 5/5, 6/4, 6/5, 6/6 | E8: 6 | G8: =IF(ISNUMBER(SEARCH("Starphire",B8)),"Inner clear — Vitro Starphire (low-iron match)","Inner clear, same mfr as coating") -> Inner clear, same mfr as coating
A9: 5 | B9: C366 | C9: 4, 5, 6 | D9: 4/4, 5/4, 5/5, 6/4, 6/5, 6/6 | E9: 6 | G9: =IF(ISNUMBER(SEARCH("Starphire",B9)),"Inner clear — Vitro Starphire (low-iron match)","Inner clear, same mfr as coating") -> Inner clear, same mfr as coating
A10: 6 | B10: C452 | C10: 4, 5, 6 | D10: 4/4, 5/4, 5/5, 6/4, 6/5, 6/6 | E10: 6 | G10: =IF(ISNUMBER(SEARCH("Starphire",B10)),"Inner clear — Vitro Starphire (low-iron match)","Inner clear, same mfr as coating") -> Inner clear, same mfr as coating
A11: 7 | B11: SB60 Clear | C11: 4, 5, 6 | D11: 4/4, 5/4, 5/5, 6/4, 6/5, 6/6 | E11: 6 | G11: =IF(ISNUMBER(SEARCH("Starphire",B11)),"Inner clear — Vitro Starphire (low-iron match)","Inner clear, same mfr as coating") -> Inner clear, same mfr as coating
A12: 8 | B12: SB70 Clear | C12: 4, 5, 6 | D12: 4/4, 5/4, 5/5, 6/4, 6/5, 6/6 | E12: 6 | G12: =IF(ISNUMBER(SEARCH("Starphire",B12)),"Inner clear — Vitro Starphire (low-iron match)","Inner clear, same mfr as coating") -> Inner clear, same mfr as coating
A13: 9 | B13: SB67 | C13: 5, 6 | D13: 5/4, 5/5, 6/4, 6/5, 6/6 | E13: 5 | F13: No 4mm in IGSDB | G13: =IF(ISNUMBER(SEARCH("Starphire",B13)),"Inner clear — Vitro Starphire (low-iron match)","Inner clear, same mfr as coating") -> Inner clear, same mfr as coating
A14: 10 | B14: SB60 Starphire | C14: 5, 6 | D14: 5/4, 5/5, 6/4, 6/5, 6/6 | E14: 5 | F14: No 4mm in IGSDB; maps to SB60 on Starphire substrate | G14: =IF(ISNUMBER(SEARCH("Starphire",B14)),"Inner clear — Vitro Starphire (low-iron match)","Inner clear, same mfr as coating") -> Inner clear — Vitro Starphire (low-iron match)
A15: 11 | B15: SB72 Starphire | C15: 6 | D15: 6/4, 6/5, 6/6 | E15: 3 | F15: 6mm only in IGSDB; maps to SB70 on Starphire substrate | G15: =IF(ISNUMBER(SEARCH("Starphire",B15)),"Inner clear — Vitro Starphire (low-iron match)","Inner clear, same mfr as coating") -> Inner clear — Vitro Starphire (low-iron match)
A16: 12 | B16: ECLAZ II | C16: 4, 5, 6 | D16: 4/4, 5/4, 5/5, 6/4, 6/5, 6/6 | E16: 6 | F16: Using II (to-be-tempered); Commercial name: ECLAZ Lumi | G16: =IF(ISNUMBER(SEARCH("Starphire",B16)),"Inner clear — Vitro Starphire (low-iron match)","Inner clear, same mfr as coating") -> Inner clear, same mfr as coating | H16: EN
A17: 13 | B17: ECLAZ ONE II | C17: 4, 5, 6 | D17: 4/4, 5/4, 5/5, 6/4, 6/5, 6/6 | E17: 6 | F17: Using II (to-be-tempered); Commercial name: ECLAZ Zen | G17: =IF(ISNUMBER(SEARCH("Starphire",B17)),"Inner clear — Vitro Starphire (low-iron match)","Inner clear, same mfr as coating") -> Inner clear, same mfr as coating | H17: EN
A18: 14 | B18: SKN 183 II | C18: 6 | D18: 6/4, 6/5, 6/6 | E18: 3 | F18: Using II (current); 6mm only in IGSDB | G18: =IF(ISNUMBER(SEARCH("Starphire",B18)),"Inner clear — Vitro Starphire (low-iron match)","Inner clear, same mfr as coating") -> Inner clear, same mfr as coating | H18: EN
A19: 15 | B19: XTREME 61-29 II | C19: 4, 6 | D19: 4/4, 6/4, 6/5, 6/6 | E19: 4 | F19: Using II (current); no 5mm in IGSDB | G19: =IF(ISNUMBER(SEARCH("Starphire",B19)),"Inner clear — Vitro Starphire (low-iron match)","Inner clear, same mfr as coating") -> Inner clear, same mfr as coating | H19: EN
B20: Package 1 Subtotal: (8 × 6) + (2 × 5) + (2 × 3) + 6 + 4 | E20: 80
A22: Package 2 — Tinted Substrate Coatings (6mm outer only)
A23: # | B23: Coating (Surface 2) | C23: IGSDB Thicknesses | D23: Available Combos (outer/inner mm) | E23: Configs | F23: Notes | G23: Clear lite (inner)
A24: 16 | B24: SB60 Solexia | C24: 6 | D24: 6/4, 6/5, 6/6 | E24: 3 | F24: 6mm only in IGSDB | G24: =IF(ISNUMBER(SEARCH("Starphire",B24)),"Inner clear — Vitro Starphire (low-iron match)","Inner clear, same mfr as coating") -> Inner clear, same mfr as coating
A25: 17 | B25: SB60 Solarbronze | C25: 5, 6 | D25: 6/4, 6/5, 6/6 | E25: 3 | G25: =IF(ISNUMBER(SEARCH("Starphire",B25)),"Inner clear — Vitro Starphire (low-iron match)","Inner clear, same mfr as coating") -> Inner clear, same mfr as coating
A26: 18 | B26: SB60 Solargray | C26: 4, 5, 6 | D26: 6/4, 6/5, 6/6 | E26: 3 | G26: =IF(ISNUMBER(SEARCH("Starphire",B26)),"Inner clear — Vitro Starphire (low-iron match)","Inner clear, same mfr as coating") -> Inner clear, same mfr as coating
A27: 19 | B27: SB60 Optigray | C27: 6 | D27: 6/4, 6/5, 6/6 | E27: 3 | F27: 6mm only in IGSDB | G27: =IF(ISNUMBER(SEARCH("Starphire",B27)),"Inner clear — Vitro Starphire (low-iron match)","Inner clear, same mfr as coating") -> Inner clear, same mfr as coating
A28: 20 | B28: SB60 Solarblue | C28: 6 | D28: 6/4, 6/5, 6/6 | E28: 3 | F28: 6mm only in IGSDB | G28: =IF(ISNUMBER(SEARCH("Starphire",B28)),"Inner clear — Vitro Starphire (low-iron match)","Inner clear, same mfr as coating") -> Inner clear, same mfr as coating
A29: 21 | B29: SB60 Optiblue | C29: 5, 6 | D29: 6/4, 6/5, 6/6 | E29: 3 | G29: =IF(ISNUMBER(SEARCH("Starphire",B29)),"Inner clear — Vitro Starphire (low-iron match)","Inner clear, same mfr as coating") -> Inner clear, same mfr as coating
B30: Package 2 Subtotal: 6 × 3 | E30: 18
A32: ENTHERMAL TOTAL | E32: 98

Sheet Enthermal_List
A1: Product | B1: Outboard Lite Name (IGDB) | C1: Outboard IGDB ID | D1: Gap | E1: Inboard Lite Name (IGDB) | F1: Inboard IGDB ID | G1: Manufacturer
A2: Enthermal | B2: LoE 180 on 4mm Clear | C2: 2192 | D2: Vacuum 0.25mm | E2: Cardinal Clear Float Glass 4mm | F2: 2002 | G2: Cardinal Glass Industries
A3: Enthermal | B3: LoE 180 on 5mm Clear | C3: 2193 | D3: Vacuum 0.25mm | E3: Cardinal Clear Float Glass 4mm | F3: 2002 | G3: Cardinal Glass Industries
A4: Enthermal | B4: LoE 180 on 5mm Clear | C4: 2193 | D4: Vacuum 0.25mm | E4: Cardinal Clear Float Glass 5mm | F4: 2003 | G4: Cardinal Glass Industries
A5: Enthermal | B5: LoE 180 on 6mm Clear | C5: 2194 | D5: Vacuum 0.25mm | E5: Cardinal Clear Float Glass 4mm | F5: 2002 | G5: Cardinal Glass Industries
A6: Enthermal | B6: LoE 180 on 6mm Clear | C6: 2194 | D6: Vacuum 0.25mm | E6: Cardinal Clear Float Glass 5mm | F6: 2003 | G6: Cardinal Glass Industries
A7: Enthermal | B7: LoE 180 on 6mm Clear | C7: 2194 | D7: Vacuum 0.25mm | E7: Cardinal Clear Float Glass 6mm | F7: 2004 | G7: Cardinal Glass Industries
A8: Enthermal | B8: LoE² 270 on 4mm Clear | C8: 2027 | D8: Vacuum 0.25mm | E8: Cardinal Clear Float Glass 4mm | F8: 2002 | G8: Cardinal Glass Industries
A9: Enthermal | B9: LoE² 270 on 5mm Clear | C9: 2028 | D9: Vacuum 0.25mm | E9: Cardinal Clear Float Glass 4mm | F9: 2002 | G9: Cardinal Glass Industries
A10: Enthermal | B10: LoE² 270 on 5mm Clear | C10: 2028 | D10: Vacuum 0.25mm | E10: Cardinal Clear Float Glass 5mm | F10: 2003 | G10: Cardinal Glass Industries
A11: Enthermal | B11: LoE² 270 on 6mm Clear | C11: 2029 | D11: Vacuum 0.25mm | E11: Cardinal Clear Float Glass 4mm | F11: 2002 | G11: Cardinal Glass Industries
A12: Enthermal | B12: LoE² 270 on 6mm Clear | C12: 2029 | D12: Vacuum 0.25mm | E12: Cardinal Clear Float Glass 5mm | F12: 2003 | G12: Cardinal Glass Industries
A13: Enthermal | B13: LoE² 270 on 6mm Clear | C13: 2029 | D13: Vacuum 0.25mm | E13: Cardinal Clear Float Glass 6mm | F13: 2004 | G13: Cardinal Glass Industries
... A99: Enthermal | B99: Solarban® 60 on Optiblue® (Solarban® z50) 6mm | C99: 5424 | D99: Vacuum 0.25mm | E99: Vitro Clear Float Glass 6mm | F99: 415 | G99: Vitro formerly PPG

Sheet EnthermalP_Inboard_Configs
A1: Enthermal Plus Inboard — Triple Pane (Low-E on Surfaces 2 & 4, and 2 & 5) — IGSDB Verified
A3: Surface 2 Coatings (Outer Pane) — 26 options
A4: # | B4: Coating (Surface 2) | C4: Manufacturer | D4: IGSDB Thicknesses | E4: Notes
A5: 1 | B5: C180 | C5: Cardinal | D5: 4, 5, 6
A6: 2 | B6: C270 | C6: Cardinal | D6: 4, 5, 6
A7: 3 | B7: C272 | C7: Cardinal | D7: 4, 5, 6
A8: 4 | B8: C340 | C8: Cardinal | D8: 4, 5, 6
A9: 5 | B9: C366 | C9: Cardinal | D9: 4, 5, 6
A10: 6 | B10: C452 | C10: Cardinal | D10: 4, 5, 6
A11: 7 | B11: SB60 Clear | C11: Vitro | D11: 4, 5, 6
A12: 8 | B12: SB60 Solexia | C12: Vitro | D12: 6 | E12: 6mm only in IGSDB
A13: 9 | B13: SB60 Solarbronze | C13: Vitro | D13: 5, 6
A14: 10 | B14: SB60 Solargray | C14: Vitro | D14: 4, 5, 6
A15: 11 | B15: SB60 Optigray | C15: Vitro | D15: 6 | E15: 6mm only in IGSDB
A16: 12 | B16: SB60 Solarblue | C16: Vitro | D16: 6 | E16: 6mm only in IGSDB
A17: 13 | B17: SB60 Optiblue | C17: Vitro | D17: 5, 6
A18: 14 | B18: SB60 Starphire | C18: Vitro | D18: 5, 6 | E18: No 4mm in IGSDB; maps to SB60 on Starphire substrate
A19: 15 | B19: SB70 Clear | C19: Vitro | D19: 4, 5, 6
A20: 16 | B20: SB70 Solexia | C20: Vitro | D20: 6 | E20: 6mm only in IGSDB
A21: 17 | B21: SB70 Solarbronze | C21: Vitro | D21: 6 | E21: 6mm only in IGSDB
A22: 18 | B22: SB70 Solargray | C22: Vitro | D22: 5, 6 | E22: No 4mm in IGSDB
A23: 19 | B23: SB70 Optigray | C23: Vitro | D23: 6 | E23: 6mm only in IGSDB
A24: 20 | B24: SB70 Solarblue | C24: Vitro | D24: 6 | E24: 6mm only in IGSDB
A25: 21 | B25: SB70 Optiblue | C25: Vitro | D25: 5, 6 | E25: No 4mm in IGSDB
A26: 22 | B26: SB72 Starphire | C26: Vitro | D26: 6 | E26: 6mm only in IGSDB; maps to SB70 on Starphire substrate
A27: 23 | B27: ECLAZ II | C27: Saint-Gobain | D27: 4, 5, 6 | E27: Using II (to-be-tempered); Commercial name: ECLAZ Lumi
A28: 24 | B28: ECLAZ ONE II | C28: Saint-Gobain | D28: 4, 5, 6 | E28: Using II (to-be-tempered); Commercial name: ECLAZ Zen
A29: 25 | B29: SKN 183 II | C29: Saint-Gobain | D29: 6 | E29: Using II (current); 6mm only in IGSDB
A30: 26 | B30: XTREME 61-29 II | C30: Saint-Gobain | D30: 4, 6 | E30: Using II (current); no 5mm in IGSDB
A32: Surface 4 or 5 Coatings (Middle or Inner Pane) — 10 options
A33: # | B33: Coating (Surface 4 or 5) | C33: Manufacturer | D33: IGSDB Thicknesses | E33: Notes
A34: 1 | B34: C180 | C34: Cardinal | D34: 4, 5, 6
A35: 2 | B35: C270 | C35: Cardinal | D35: 4, 5, 6
A36: 3 | B36: C272 | C36: Cardinal | D36: 4, 5, 6
A37: 4 | B37: C366 | C37: Cardinal | D37: 4, 5, 6
A38: 5 | B38: SB60 Clear | C38: Vitro | D38: 4, 5, 6
A39: 6 | B39: SB70 Clear | C39: Vitro | D39: 4, 5, 6
A40: 7 | B40: ECLAZ II | C40: Saint-Gobain | D40: 4, 5, 6 | E40: Using II (current); ZEN not in IGSDB
A41: 8 | B41: SKN 183 II | C41: Saint-Gobain | D41: 6 | E41: Using II (current); 6mm only in IGSDB
A42: 9 | B42: SB60 Starphire | C42: Vitro | D42: 5, 6 | E42: No 4mm in IGSDB; maps to SB60 on Starphire substrate
A43: 10 | B43: SB72 Starphire | C43: Vitro | D43: 6 | E43: 6mm only in IGSDB; maps to SB70 on Starphire substrate
H44: Starphire-Constrained Counts (SP pairs only with SP)
A45: S2 Coatings Available by Outer Pane Thickness | H45: Thickness | I45: S2 non-SP | J45: S2 SP | K45: S4/S5 non-SP | L45: S4/S5 SP
A46: Outer Thickness | B46: S2 Count | C46: Not Available in IGSDB | H46: 4mm | I46: 12 | J46: 0 | K46: 7 | L46: 0
A47: 4mm | B47: 12 | C47: SB60 Solexia/Solarbronze/Optigray/Solarblue/Optiblue/Starphire, SB70 Solexia/Solarbronze/Solargray/Optigray/Solarblue/Optiblue, SB72 Starphire, SKN 183 II | H47: 5mm | I47: 15 | J47: 1 | K47: 7 | L47: 1
A48: 5mm | B48: 16 | C48: SB60 Solexia/Optigray/Solarblue, SB70 Solexia/Solarbronze/Optigray/Solarblue, SB72 Starphire, SKN 183 II, XTREME 61-29 II | H48: 6mm | I48: 24 | J48: 2 | K48: 8 | L48: 2
A49: 6mm | B49: 26 | C49: All available
A51: S4/S5 Coatings Available by Pane Thickness
A52: Pane Thickness | B52: S4/S5 Count | C52: Not Available in IGSDB
A53: 4mm | B53: 7 | C53: SKN 183 II, SB60 Starphire, SB72 Starphire
A54: 5mm | B54: 8 | C54: SKN 183 II, SB72 Starphire
A55: 6mm | B55: 10 | C55: All available
A57: Configuration Type A: Low-E on Surfaces 2 & 4 (S4 = middle pane)
A58: Thickness (outer/mid/inner) | B58: Outer (S2) | C58: Middle (S4) | D58: Non-SP pairs | E58: SP pairs | F58: Total pairs | G58: Clear lite (inner)
A59: 4/4/4 | B59: 4mm | C59: 4mm | D59: =INDEX($I$46:$I$48,MATCH(B59,$H$46:$H$48,0))*INDEX($K$46:$K$48,MATCH(C59,$H$46:$H$48,0)) -> 84 | E59: =INDEX($J$46:$J$48,MATCH(B59,$H$46:$H$48,0))*INDEX($L$46:$L$48,MATCH(C59,$H$46:$H$48,0)) -> 0 | F59: =D59+E59 -> 84 | G59: ="Inner "&RIGHT($A59,1)&"mm, same mfr as middle coating" -> Inner 4mm, same mfr as middle coating
A60: 5/4/4 | B60: 5mm | C60: 4mm | D60: =INDEX($I$46:$I$48,MATCH(B60,$H$46:$H$48,0))*INDEX($K$46:$K$48,MATCH(C60,$H$46:$H$48,0)) -> 105 | E60: =INDEX($J$46:$J$48,MATCH(B60,$H$46:$H$48,0))*INDEX($L$46:$L$48,MATCH(C60,$H$46:$H$48,0)) -> 0 | F60: =D60+E60 -> 105 | G60: ="Inner "&RIGHT($A60,1)&"mm, same mfr as middle coating" -> Inner 4mm, same mfr as middle coating
A61: 6/4/4 | B61: 6mm | C61: 4mm | D61: =INDEX($I$46:$I$48,MATCH(B61,$H$46:$H$48,0))*INDEX($K$46:$K$48,MATCH(C61,$H$46:$H$48,0)) -> 168 | E61: =INDEX($J$46:$J$48,MATCH(B61,$H$46:$H$48,0))*INDEX($L$46:$L$48,MATCH(C61,$H$46:$H$48,0)) -> 0 | F61: =D61+E61 -> 168 | G61: ="Inner "&RIGHT($A61,1)&"mm, same mfr as middle coating" -> Inner 4mm, same mfr as middle coating
A62: 5/5/4 | B62: 5mm | C62: 5mm | D62: =INDEX($I$46:$I$48,MATCH(B62,$H$46:$H$48,0))*INDEX($K$46:$K$48,MATCH(C62,$H$46:$H$48,0)) -> 105 | E62: =INDEX($J$46:$J$48,MATCH(B62,$H$46:$H$48,0))*INDEX($L$46:$L$48,MATCH(C62,$H$46:$H$48,0)) -> 1 | F62: =D62+E62 -> 106 | G62: ="Inner "&RIGHT($A62,1)&"mm, same mfr as middle coating" -> Inner 4mm, same mfr as middle coating
A63: 5/5/5 | B63: 5mm | C63: 5mm | D63: =INDEX($I$46:$I$48,MATCH(B63,$H$46:$H$48,0))*INDEX($K$46:$K$48,MATCH(C63,$H$46:$H$48,0)) -> 105 | E63: =INDEX($J$46:$J$48,MATCH(B63,$H$46:$H$48,0))*INDEX($L$46:$L$48,MATCH(C63,$H$46:$H$48,0)) -> 1 | F63: =D63+E63 -> 106 | G63: ="Inner "&RIGHT($A63,1)&"mm, same mfr as middle coating" -> Inner 5mm, same mfr as middle coating
A64: 6/5/5 | B64: 6mm | C64: 5mm | D64: =INDEX($I$46:$I$48,MATCH(B64,$H$46:$H$48,0))*INDEX($K$46:$K$48,MATCH(C64,$H$46:$H$48,0)) -> 168 | E64: =INDEX($J$46:$J$48,MATCH(B64,$H$46:$H$48,0))*INDEX($L$46:$L$48,MATCH(C64,$H$46:$H$48,0)) -> 2 | F64: =D64+E64 -> 170 | G64: ="Inner "&RIGHT($A64,1)&"mm, same mfr as middle coating" -> Inner 5mm, same mfr as middle coating
A65: 6/6/5 | B65: 6mm | C65: 6mm | D65: =INDEX($I$46:$I$48,MATCH(B65,$H$46:$H$48,0))*INDEX($K$46:$K$48,MATCH(C65,$H$46:$H$48,0)) -> 192 | E65: =INDEX($J$46:$J$48,MATCH(B65,$H$46:$H$48,0))*INDEX($L$46:$L$48,MATCH(C65,$H$46:$H$48,0)) -> 4 | F65: =D65+E65 -> 196 | G65: ="Inner "&RIGHT($A65,1)&"mm, same mfr as middle coating" -> Inner 5mm, same mfr as middle coating
A66: 6/6/6 | B66: 6mm | C66: 6mm | D66: =INDEX($I$46:$I$48,MATCH(B66,$H$46:$H$48,0))*INDEX($K$46:$K$48,MATCH(C66,$H$46:$H$48,0)) -> 192 | E66: =INDEX($J$46:$J$48,MATCH(B66,$H$46:$H$48,0))*INDEX($L$46:$L$48,MATCH(C66,$H$46:$H$48,0)) -> 4 | F66: =D66+E66 -> 196 | G66: ="Inner "&RIGHT($A66,1)&"mm, same mfr as middle coating" -> Inner 6mm, same mfr as middle coating
A67: Subtotal (S2 & S4 pairs) | F67: =SUM(F59:F66) -> 1131
A69: Configuration Type B: Low-E on Surfaces 2 & 5 (S5 = inner pane)
A70: Thickness (outer/mid/inner) | B70: Outer (S2) | C70: Inner (S5) | D70: Non-SP pairs | E70: SP pairs | F70: Total pairs | G70: Clear lite (middle)
A71: 4/4/4 | B71: 4mm | C71: 4mm | D71: =INDEX($I$46:$I$48,MATCH(B71,$H$46:$H$48,0))*INDEX($K$46:$K$48,MATCH(C71,$H$46:$H$48,0)) -> 84 | E71: =INDEX($J$46:$J$48,MATCH(B71,$H$46:$H$48,0))*INDEX($L$46:$L$48,MATCH(C71,$H$46:$H$48,0)) -> 0 | F71: =D71+E71 -> 84 | G71: ="Middle "&MID($A71,3,1)&"mm, same mfr as inner coating" -> Middle 4mm, same mfr as inner coating
A72: 5/4/4 | B72: 5mm | C72: 4mm | D72: =INDEX($I$46:$I$48,MATCH(B72,$H$46:$H$48,0))*INDEX($K$46:$K$48,MATCH(C72,$H$46:$H$48,0)) -> 105 | E72: =INDEX($J$46:$J$48,MATCH(B72,$H$46:$H$48,0))*INDEX($L$46:$L$48,MATCH(C72,$H$46:$H$48,0)) -> 0 | F72: =D72+E72 -> 105 | G72: ="Middle "&MID($A72,3,1)&"mm, same mfr as inner coating" -> Middle 4mm, same mfr as inner coating
A73: 6/4/4 | B73: 6mm | C73: 4mm | D73: =INDEX($I$46:$I$48,MATCH(B73,$H$46:$H$48,0))*INDEX($K$46:$K$48,MATCH(C73,$H$46:$H$48,0)) -> 168 | E73: =INDEX($J$46:$J$48,MATCH(B73,$H$46:$H$48,0))*INDEX($L$46:$L$48,MATCH(C73,$H$46:$H$48,0)) -> 0 | F73: =D73+E73 -> 168 | G73: ="Middle "&MID($A73,3,1)&"mm, same mfr as inner coating" -> Middle 4mm, same mfr as inner coating
A74: 5/5/4 | B74: 5mm | C74: 4mm | D74: =INDEX($I$46:$I$48,MATCH(B74,$H$46:$H$48,0))*INDEX($K$46:$K$48,MATCH(C74,$H$46:$H$48,0)) -> 105 | E74: =INDEX($J$46:$J$48,MATCH(B74,$H$46:$H$48,0))*INDEX($L$46:$L$48,MATCH(C74,$H$46:$H$48,0)) -> 0 | F74: =D74+E74 -> 105 | G74: ="Middle "&MID($A74,3,1)&"mm, same mfr as inner coating" -> Middle 5mm, same mfr as inner coating
A75: 5/5/5 | B75: 5mm | C75: 5mm | D75: =INDEX($I$46:$I$48,MATCH(B75,$H$46:$H$48,0))*INDEX($K$46:$K$48,MATCH(C75,$H$46:$H$48,0)) -> 105 | E75: =INDEX($J$46:$J$48,MATCH(B75,$H$46:$H$48,0))*INDEX($L$46:$L$48,MATCH(C75,$H$46:$H$48,0)) -> 1 | F75: =D75+E75 -> 106 | G75: ="Middle "&MID($A75,3,1)&"mm, same mfr as inner coating" -> Middle 5mm, same mfr as inner coating
A76: 6/5/5 | B76: 6mm | C76: 5mm | D76: =INDEX($I$46:$I$48,MATCH(B76,$H$46:$H$48,0))*INDEX($K$46:$K$48,MATCH(C76,$H$46:$H$48,0)) -> 168 | E76: =INDEX($J$46:$J$48,MATCH(B76,$H$46:$H$48,0))*INDEX($L$46:$L$48,MATCH(C76,$H$46:$H$48,0)) -> 2 | F76: =D76+E76 -> 170 | G76: ="Middle "&MID($A76,3,1)&"mm, same mfr as inner coating" -> Middle 5mm, same mfr as inner coating
A77: 6/6/5 | B77: 6mm | C77: 5mm | D77: =INDEX($I$46:$I$48,MATCH(B77,$H$46:$H$48,0))*INDEX($K$46:$K$48,MATCH(C77,$H$46:$H$48,0)) -> 168 | E77: =INDEX($J$46:$J$48,MATCH(B77,$H$46:$H$48,0))*INDEX($L$46:$L$48,MATCH(C77,$H$46:$H$48,0)) -> 2 | F77: =D77+E77 -> 170 | G77: ="Middle "&MID($A77,3,1)&"mm, same mfr as inner coating" -> Middle 6mm, same mfr as inner coating
A78: 6/6/6 | B78: 6mm | C78: 6mm | D78: =INDEX($I$46:$I$48,MATCH(B78,$H$46:$H$48,0))*INDEX($K$46:$K$48,MATCH(C78,$H$46:$H$48,0)) -> 192 | E78: =INDEX($J$46:$J$48,MATCH(B78,$H$46:$H$48,0))*INDEX($L$46:$L$48,MATCH(C78,$H$46:$H$48,0)) -> 4 | F78: =D78+E78 -> 196 | G78: ="Middle "&MID($A78,3,1)&"mm, same mfr as inner coating" -> Middle 6mm, same mfr as inner coating
A79: Subtotal (S2 & S5 pairs) | F79: =SUM(F71:F78) -> 1104
A81: Summary
F82: Configs
A83: S2 & S4 coating pairs | F83: =F67 -> 1131
A84: S2 & S5 coating pairs | F84: =F79 -> 1104
A85: Combined coating pairs | F85: =F83+F84 -> 2235
A86: Gas fill options | F86: × 2 (Air, Argon 90%)
A87: ENTHERMAL PLUS INBOARD TOTAL | F87: =F85*2 -> 4470
A89: Notes:
A90: • Type A (S2 & S4): outer pane coated on S2, middle pane coated on S4 (inner surface), inner pane is clear.
A91: • Type B (S2 & S5): outer pane coated on S2, middle pane is clear, inner pane coated on S5 (outer surface).
A92: • Starphire pairs only with Starphire: each combo = non-SP pairs (non-SP S2 × non-SP S4/S5) + SP pairs (SP S2 × SP S4/S5). Type A (1,131) vs Type B (1,104) differ by 27 — the coated pane carries more coatings at greater thickness (5/5/4 and 6/6/5 combos).
A93: • Air gap thickness adjusted to maintain 25.4 mm (1 inch) total thickness.

Sheet EnthermalP_Inboard_List
A1: Product | B1: Outboard Lite Name (IGDB) | C1: Outboard IGDB ID | D1: Gap 1 | E1: Middle Lite Name (IGDB) | F1: Middle IGDB ID | G1: Gap 2 | H1: 2nd LoE Surface | I1: Inboard Lite Name (IGDB) | J1: Inboard IGDB ID | K1: Outboard Manufacturer | L1: Inboard Manufacturer | M1: Notes
A2: EnthermalPlus | B2: LoE 180 on 4mm Clear | C2: 2192 | D2: Argon 90% | E2: LoE 180 on 4mm Clear | F2: 2192 | G2: Vacuum 0.25mm | H2: Surface 4 | I2: Cardinal Clear Float Glass 4mm | J2: 2002 | K2: Cardinal Glass Industries | L2: Cardinal Glass Industries
A3: EnthermalPlus | B3: LoE 180 on 4mm Clear | C3: 2192 | D3: Argon 90% | E3: LoE² 270 on 4mm Clear | F3: 2027 | G3: Vacuum 0.25mm | H3: Surface 4 | I3: Cardinal Clear Float Glass 4mm | J3: 2002 | K3: Cardinal Glass Industries | L3: Cardinal Glass Industries
A4: EnthermalPlus | B4: LoE 180 on 4mm Clear | C4: 2192 | D4: Argon 90% | E4: LoE² 272 on 4 mm Clear | F4: 2012 | G4: Vacuum 0.25mm | H4: Surface 4 | I4: Cardinal Clear Float Glass 4mm | J4: 2002 | K4: Cardinal Glass Industries | L4: Cardinal Glass Industries
A5: EnthermalPlus | B5: LoE 180 on 4mm Clear | C5: 2192 | D5: Argon 90% | E5: LoE³ 366 on 4mm Clear | F5: 2155 | G5: Vacuum 0.25mm | H5: Surface 4 | I5: Cardinal Clear Float Glass 4mm | J5: 2002 | K5: Cardinal Glass Industries | L5: Cardinal Glass Industries
A6: EnthermalPlus | B6: LoE 180 on 4mm Clear | C6: 2192 | D6: Argon 90% | E6: Solarban® 60 on Clear 4mm | F6: 5282 | G6: Vacuum 0.25mm | H6: Surface 4 | I6: Vitro Clear Float Glass 4mm | J6: 413 | K6: Cardinal Glass Industries | L6: Vitro formerly PPG
A7: EnthermalPlus | B7: LoE 180 on 4mm Clear | C7: 2192 | D7: Argon 90% | E7: Solarban® 70 glass 4mm | F7: 5433 | G7: Vacuum 0.25mm | H7: Surface 4 | I7: Vitro Clear Float Glass 4mm | J7: 413 | K7: Cardinal Glass Industries | L7: Vitro formerly PPG
A8: EnthermalPlus | B8: LoE 180 on 4mm Clear | C8: 2192 | D8: Argon 90% | E8: SGG ECLAZ II 4mm | F8: 20754 | G8: Vacuum 0.25mm | H8: Surface 4 | I8: SGG PLANICLEAR 4mm | J8: 21011 | K8: Cardinal Glass Industries | L8: Saint-Gobain Glass
A9: EnthermalPlus | B9: LoE² 270 on 4mm Clear | C9: 2027 | D9: Argon 90% | E9: LoE 180 on 4mm Clear | F9: 2192 | G9: Vacuum 0.25mm | H9: Surface 4 | I9: Cardinal Clear Float Glass 4mm | J9: 2002 | K9: Cardinal Glass Industries | L9: Cardinal Glass Industries
A10: EnthermalPlus | B10: LoE² 270 on 4mm Clear | C10: 2027 | D10: Argon 90% | E10: LoE² 270 on 4mm Clear | F10: 2027 | G10: Vacuum 0.25mm | H10: Surface 4 | I10: Cardinal Clear Float Glass 4mm | J10: 2002 | K10: Cardinal Glass Industries | L10: Cardinal Glass Industries
A11: EnthermalPlus | B11: LoE² 270 on 4mm Clear | C11: 2027 | D11: Argon 90% | E11: LoE² 272 on 4 mm Clear | F11: 2012 | G11: Vacuum 0.25mm | H11: Surface 4 | I11: Cardinal Clear Float Glass 4mm | J11: 2002 | K11: Cardinal Glass Industries | L11: Cardinal Glass Industries
A12: EnthermalPlus | B12: LoE² 270 on 4mm Clear | C12: 2027 | D12: Argon 90% | E12: LoE³ 366 on 4mm Clear | F12: 2155 | G12: Vacuum 0.25mm | H12: Surface 4 | I12: Cardinal Clear Float Glass 4mm | J12: 2002 | K12: Cardinal Glass Industries | L12: Cardinal Glass Industries
A13: EnthermalPlus | B13: LoE² 270 on 4mm Clear | C13: 2027 | D13: Argon 90% | E13: Solarban® 60 on Clear 4mm | F13: 5282 | G13: Vacuum 0.25mm | H13: Surface 4 | I13: Vitro Clear Float Glass 4mm | J13: 413 | K13: Cardinal Glass Industries | L13: Vitro formerly PPG
... A4471: EnthermalPlus | B4471: Solarban® 72 on Starphire® 6mm | C4471: 5435 | D4471: Air 100% | E4471: Vitro Starphire 6mm | F4471: 5004 | G4471: Vacuum 0.25mm | H4471: Surface 5 | I4471: Solarban® 72 on Starphire® 6mm | J4471: 5435 | K4471: Vitro formerly PPG | L4471: Vitro formerly PPG

Sheet EnthermalP_Outboard
A1: Enthermal Plus Outboard — Triple Pane (Low-E on Surfaces 2 & 5) — IGSDB Verified
A3: Surface 2 Coatings (Outer Pane) — 21 options
A4: # | B4: Coating (Surface 2) | C4: IGSDB Thicknesses | D4: Notes
A5: 1 | B5: C180 | C5: 4, 5, 6
A6: 2 | B6: C270 | C6: 4, 5, 6
A7: 3 | B7: C272 | C7: 4, 5, 6
A8: 4 | B8: C340 | C8: 4, 5, 6
A9: 5 | B9: C366 | C9: 4, 5, 6
A10: 6 | B10: C452 | C10: 4, 5, 6
A11: 7 | B11: SB60 Clear | C11: 4, 5, 6
A12: 8 | B12: SB70 Clear | C12: 4, 5, 6
A13: 9 | B13: SB67 | C13: 5, 6 | D13: No 4mm in IGSDB
A14: 10 | B14: SB60 Starphire | C14: 5, 6 | D14: No 4mm in IGSDB; maps to SB60 on Starphire substrate
A15: 11 | B15: SB72 Starphire | C15: 6 | D15: 6mm only in IGSDB; maps to SB70 on Starphire substrate
A16: 12 | B16: ECLAZ II | C16: 4, 5, 6 | D16: Using II (to-be-tempered); Commercial name: ECLAZ Lumi
A17: 13 | B17: ECLAZ ONE II | C17: 4, 5, 6 | D17: Using II (to-be-tempered); Commercial name: ECLAZ Zen
A18: 14 | B18: SKN 183 II | C18: 6 | D18: Using II (current); 6mm only in IGSDB
A19: 15 | B19: XTREME 61-29 II | C19: 4, 6 | D19: Using II (current); no 5mm in IGSDB
A20: 16 | B20: SB60 Solexia | C20: 6 | D20: 6mm only in IGSDB
A21: 17 | B21: SB60 Solarbronze | C21: 5, 6
A22: 18 | B22: SB60 Solargray | C22: 4, 5, 6
A23: 19 | B23: SB60 Optigray | C23: 6 | D23: 6mm only in IGSDB
A24: 20 | B24: SB60 Solarblue | C24: 6 | D24: 6mm only in IGSDB
A25: 21 | B25: SB60 Optiblue | C25: 5, 6
A27: Surface 5 Coatings (Inner Pane) — 10 options
A28: # | B28: Coating (Surface 5) | C28: IGSDB Thicknesses | D28: Notes
A29: 1 | B29: C180 | C29: 4, 5, 6
A30: 2 | B30: C270 | C30: 4, 5, 6
A31: 3 | B31: C272 | C31: 4, 5, 6
A32: 4 | B32: C366 | C32: 4, 5, 6
A33: 5 | B33: SB60 Clear | C33: 4, 5, 6
A34: 6 | B34: SB70 Clear | C34: 4, 5, 6
A35: 7 | B35: ECLAZ II | C35: 4, 5, 6 | D35: Using II (current); ZEN not in IGSDB
A36: 8 | B36: SKN 183 II | C36: 6 | D36: Using II (current); 6mm only in IGSDB
A37: 9 | B37: SB60 Starphire | C37: 5, 6 | D37: No 4mm in IGSDB; maps to SB60 on Starphire substrate
A38: 10 | B38: SB72 Starphire | C38: 6 | D38: 6mm only in IGSDB; maps to SB70 on Starphire substrate
A40: S2 Coatings Available by Outer Pane Thickness
A41: Outer Thickness | B41: S2 Count | C41: Not Available in IGSDB | H41: Starphire-Constrained Counts (SP pairs only with SP)
A42: 4mm | B42: 12 | C42: SB67, SB60 Starphire, SB72 Starphire, SKN 183 II, Solexia, Solarbronze, Optigray, Solarblue, Optiblue | H42: Thickness | I42: S2 non-SP | J42: S2 SP | K42: S5 non-SP | L42: S5 SP
A43: 5mm | B43: 15 | C43: SB72 Starphire, SKN 183 II, XTREME 61-29 II, Solexia, Optigray, Solarblue | H43: 4mm | I43: 12 | J43: 0 | K43: 7 | L43: 0
A44: 6mm | B44: 21 | C44: All available | H44: 5mm | I44: 14 | J44: 1 | K44: 7 | L44: 1
H45: 6mm | I45: 19 | J45: 2 | K45: 8 | L45: 2
A46: S5 Coatings Available by Inner Pane Thickness
A47: Inner Thickness | B47: S5 Count | C47: Not Available in IGSDB
A48: 4mm | B48: 7 | C48: SKN 183 II, SB60 Starphire, SB72 Starphire
A49: 5mm | B49: 8 | C49: SKN 183 II, SB72 Starphire
A50: 6mm | B50: 10 | C50: All available
A52: Configuration Count by Thickness Combo (before gas fill)
A53: Thickness (outer/mid/inner) | B53: Outer (S2) | C53: Inner (S5) | D53: Non-SP pairs | E53: SP pairs | F53: Total pairs | G53: Clear lite (middle)
A54: 4/4/4 | B54: 4mm | C54: 4mm | D54: =INDEX($I$43:$I$45,MATCH(B54,$H$43:$H$45,0))*INDEX($K$43:$K$45,MATCH(C54,$H$43:$H$45,0)) -> 84 | E54: =INDEX($J$43:$J$45,MATCH(B54,$H$43:$H$45,0))*INDEX($L$43:$L$45,MATCH(C54,$H$43:$H$45,0)) -> 0 | F54: =D54+E54 -> 84 | G54: ="Middle "&MID($A54,3,1)&"mm clear, same mfr as outboard" -> Middle 4mm clear, same mfr as outboard
A55: 5/4/4 | B55: 5mm | C55: 4mm | D55: =INDEX($I$43:$I$45,MATCH(B55,$H$43:$H$45,0))*INDEX($K$43:$K$45,MATCH(C55,$H$43:$H$45,0)) -> 98 | E55: =INDEX($J$43:$J$45,MATCH(B55,$H$43:$H$45,0))*INDEX($L$43:$L$45,MATCH(C55,$H$43:$H$45,0)) -> 0 | F55: =D55+E55 -> 98 | G55: ="Middle "&MID($A55,3,1)&"mm clear, same mfr as outboard" -> Middle 4mm clear, same mfr as outboard
A56: 6/4/4 | B56: 6mm | C56: 4mm | D56: =INDEX($I$43:$I$45,MATCH(B56,$H$43:$H$45,0))*INDEX($K$43:$K$45,MATCH(C56,$H$43:$H$45,0)) -> 133 | E56: =INDEX($J$43:$J$45,MATCH(B56,$H$43:$H$45,0))*INDEX($L$43:$L$45,MATCH(C56,$H$43:$H$45,0)) -> 0 | F56: =D56+E56 -> 133 | G56: ="Middle "&MID($A56,3,1)&"mm clear, same mfr as outboard" -> Middle 4mm clear, same mfr as outboard
A57: 5/5/4 | B57: 5mm | C57: 4mm | D57: =INDEX($I$43:$I$45,MATCH(B57,$H$43:$H$45,0))*INDEX($K$43:$K$45,MATCH(C57,$H$43:$H$45,0)) -> 98 | E57: =INDEX($J$43:$J$45,MATCH(B57,$H$43:$H$45,0))*INDEX($L$43:$L$45,MATCH(C57,$H$43:$H$45,0)) -> 0 | F57: =D57+E57 -> 98 | G57: ="Middle "&MID($A57,3,1)&"mm clear, same mfr as outboard" -> Middle 5mm clear, same mfr as outboard
A58: 5/5/5 | B58: 5mm | C58: 5mm | D58: =INDEX($I$43:$I$45,MATCH(B58,$H$43:$H$45,0))*INDEX($K$43:$K$45,MATCH(C58,$H$43:$H$45,0)) -> 98 | E58: =INDEX($J$43:$J$45,MATCH(B58,$H$43:$H$45,0))*INDEX($L$43:$L$45,MATCH(C58,$H$43:$H$45,0)) -> 1 | F58: =D58+E58 -> 99 | G58: ="Middle "&MID($A58,3,1)&"mm clear, same mfr as outboard" -> Middle 5mm clear, same mfr as outboard
A59: 6/5/5 | B59: 6mm | C59: 5mm | D59: =INDEX($I$43:$I$45,MATCH(B59,$H$43:$H$45,0))*INDEX($K$43:$K$45,MATCH(C59,$H$43:$H$45,0)) -> 133 | E59: =INDEX($J$43:$J$45,MATCH(B59,$H$43:$H$45,0))*INDEX($L$43:$L$45,MATCH(C59,$H$43:$H$45,0)) -> 2 | F59: =D59+E59 -> 135 | G59: ="Middle "&MID($A59,3,1)&"mm clear, same mfr as outboard" -> Middle 5mm clear, same mfr as outboard
A60: 6/6/5 | B60: 6mm | C60: 5mm | D60: =INDEX($I$43:$I$45,MATCH(B60,$H$43:$H$45,0))*INDEX($K$43:$K$45,MATCH(C60,$H$43:$H$45,0)) -> 133 | E60: =INDEX($J$43:$J$45,MATCH(B60,$H$43:$H$45,0))*INDEX($L$43:$L$45,MATCH(C60,$H$43:$H$45,0)) -> 2 | F60: =D60+E60 -> 135 | G60: ="Middle "&MID($A60,3,1)&"mm clear, same mfr as outboard" -> Middle 6mm clear, same mfr as outboard
A61: 6/6/6 | B61: 6mm | C61: 6mm | D61: =INDEX($I$43:$I$45,MATCH(B61,$H$43:$H$45,0))*INDEX($K$43:$K$45,MATCH(C61,$H$43:$H$45,0)) -> 152 | E61: =INDEX($J$43:$J$45,MATCH(B61,$H$43:$H$45,0))*INDEX($L$43:$L$45,MATCH(C61,$H$43:$H$45,0)) -> 4 | F61: =D61+E61 -> 156 | G61: ="Middle "&MID($A61,3,1)&"mm clear, same mfr as outboard" -> Middle 6mm clear, same mfr as outboard
A62: Subtotal (coating pairs) | F62: =SUM(F54:F61) -> 938
A63: Gas fill options | F63: × 2 (Air, Argon 90%)
A64: ENTHERMAL PLUS OUTBOARD TOTAL | F64: =F62*2 -> 1876
A66: Notes:
A67: • Middle pane is always clear (uncoated) glass, available in all thicknesses.
A68: • Air gap thickness adjusted to maintain 25.4 mm (1 inch) total thickness.

Sheet EnthermalP_Outboard_List
A1: Product | B1: Outboard Lite Name (IGDB) | C1: Outboard IGDB ID | D1: Gap 1 | E1: Middle Lite Name (IGDB) | F1: Middle IGDB ID | G1: Gap 2 | H1: 2nd LoE Surface | I1: Inboard Lite Name (IGDB) | J1: Inboard IGDB ID | K1: Outboard Manufacturer | L1: Inboard Manufacturer | M1: Notes
A2: EnthermalPlus | B2: LoE 180 on 4mm Clear | C2: 2192 | D2: Vacuum 0.25mm | E2: Cardinal Clear Float Glass 4mm | F2: 2002 | G2: Argon 90% | H2: Surface 5 | I2: LoE 180 on 4mm Clear | J2: 2192 | K2: Cardinal Glass Industries | L2: Cardinal Glass Industries
A3: EnthermalPlus | B3: LoE 180 on 4mm Clear | C3: 2192 | D3: Vacuum 0.25mm | E3: Cardinal Clear Float Glass 4mm | F3: 2002 | G3: Argon 90% | H3: Surface 5 | I3: LoE² 270 on 4mm Clear | J3: 2027 | K3: Cardinal Glass Industries | L3: Cardinal Glass Industries
A4: EnthermalPlus | B4: LoE 180 on 4mm Clear | C4: 2192 | D4: Vacuum 0.25mm | E4: Cardinal Clear Float Glass 4mm | F4: 2002 | G4: Argon 90% | H4: Surface 5 | I4: LoE² 272 on 4 mm Clear | J4: 2012 | K4: Cardinal Glass Industries | L4: Cardinal Glass Industries
A5: EnthermalPlus | B5: LoE 180 on 4mm Clear | C5: 2192 | D5: Vacuum 0.25mm | E5: Cardinal Clear Float Glass 4mm | F5: 2002 | G5: Argon 90% | H5: Surface 5 | I5: LoE³ 366 on 4mm Clear | J5: 2155 | K5: Cardinal Glass Industries | L5: Cardinal Glass Industries
A6: EnthermalPlus | B6: LoE 180 on 4mm Clear | C6: 2192 | D6: Vacuum 0.25mm | E6: Cardinal Clear Float Glass 4mm | F6: 2002 | G6: Argon 90% | H6: Surface 5 | I6: Solarban® 60 on Clear 4mm | J6: 5282 | K6: Cardinal Glass Industries | L6: Vitro formerly PPG
A7: EnthermalPlus | B7: LoE 180 on 4mm Clear | C7: 2192 | D7: Vacuum 0.25mm | E7: Cardinal Clear Float Glass 4mm | F7: 2002 | G7: Argon 90% | H7: Surface 5 | I7: Solarban® 70 glass 4mm | J7: 5433 | K7: Cardinal Glass Industries | L7: Vitro formerly PPG
A8: EnthermalPlus | B8: LoE 180 on 4mm Clear | C8: 2192 | D8: Vacuum 0.25mm | E8: Cardinal Clear Float Glass 4mm | F8: 2002 | G8: Argon 90% | H8: Surface 5 | I8: SGG ECLAZ II 4mm | J8: 20754 | K8: Cardinal Glass Industries | L8: Saint-Gobain Glass
A9: EnthermalPlus | B9: LoE² 270 on 4mm Clear | C9: 2027 | D9: Vacuum 0.25mm | E9: Cardinal Clear Float Glass 4mm | F9: 2002 | G9: Argon 90% | H9: Surface 5 | I9: LoE 180 on 4mm Clear | J9: 2192 | K9: Cardinal Glass Industries | L9: Cardinal Glass Industries
A10: EnthermalPlus | B10: LoE² 270 on 4mm Clear | C10: 2027 | D10: Vacuum 0.25mm | E10: Cardinal Clear Float Glass 4mm | F10: 2002 | G10: Argon 90% | H10: Surface 5 | I10: LoE² 270 on 4mm Clear | J10: 2027 | K10: Cardinal Glass Industries | L10: Cardinal Glass Industries
A11: EnthermalPlus | B11: LoE² 270 on 4mm Clear | C11: 2027 | D11: Vacuum 0.25mm | E11: Cardinal Clear Float Glass 4mm | F11: 2002 | G11: Argon 90% | H11: Surface 5 | I11: LoE² 272 on 4 mm Clear | J11: 2012 | K11: Cardinal Glass Industries | L11: Cardinal Glass Industries
A12: EnthermalPlus | B12: LoE² 270 on 4mm Clear | C12: 2027 | D12: Vacuum 0.25mm | E12: Cardinal Clear Float Glass 4mm | F12: 2002 | G12: Argon 90% | H12: Surface 5 | I12: LoE³ 366 on 4mm Clear | J12: 2155 | K12: Cardinal Glass Industries | L12: Cardinal Glass Industries
A13: EnthermalPlus | B13: LoE² 270 on 4mm Clear | C13: 2027 | D13: Vacuum 0.25mm | E13: Cardinal Clear Float Glass 4mm | F13: 2002 | G13: Argon 90% | H13: Surface 5 | I13: Solarban® 60 on Clear 4mm | J13: 5282 | K13: Cardinal Glass Industries | L13: Vitro formerly PPG
... A1877: EnthermalPlus | B1877: Solarban® 72 on Starphire® 6mm | C1877: 5435 | D1877: Vacuum 0.25mm | E1877: Vitro Starphire 6mm | F1877: 5004 | G1877: Air 100% | H1877: Surface 5 | I1877: Solarban® 72 on Starphire® 6mm | J1877: 5435 | K1877: Vitro formerly PPG | L1877: Vitro formerly PPG

Sheet Configs_Summary
A1: VIG Product Options — Grand Summary
A3: Product Line | B3: Type | C3: Low-E Surfaces | D3: S2 Coatings | E3: S4/S5 Coatings | F3: Thickness Combos | G3: Gas Options | H3: Coating Pairs | I3: Total Configs
A4: Enthermal | B4: Double Pane | C4: 2 | D4: 21 (Pkg1: 15, Pkg2: 6) | E4: N/A | F4: 6 + 3 | G4: N/A | H4: 98 | I4: 98
A5: Enthermal Plus Outboard | B5: Triple Pane | C5: 2 & 5 | D5: 21 | E5: 10 | F5: 8 | G5: 2 (Air, Ar90) | H5: =EnthermalP_Outboard!F62 -> 938 | I5: =EnthermalP_Outboard!F64 -> 1876
A6: Enthermal Plus Inboard (S2&4) | B6: Triple Pane | C6: 2 & 4 | D6: 26 | E6: 10 | F6: 8 | G6: 2 (Air, Ar90) | H6: =EnthermalP_Inboard_Configs!F67 -> 1131 | I6: =EnthermalP_Inboard_Configs!F67*2 -> 2262
A7: Enthermal Plus Inboard (S2&5) | B7: Triple Pane | C7: 2 & 5 | D7: 26 | E7: 10 | F7: 8 | G7: 2 (Air, Ar90) | H7: =EnthermalP_Inboard_Configs!F79 -> 1104 | I7: =EnthermalP_Inboard_Configs!F79*2 -> 2208
A8: GRAND TOTAL | I8: =SUM(I4:I7) -> 6444
A10: Coating Inventory by Manufacturer
A11: Manufacturer | B11: S2 Coatings (Enthermal & Outboard) | C11: S2 Coatings (Inboard adds) | D11: S4/S5 Coatings | E11: Total Unique
A12: Cardinal | B12: C180, C270, C272, C340, C366, C452 | C12: — (same 6) | D12: C180, C270, C272, C366 | E12: 6
A13: Vitro | B13: SB60 Clear, SB70 Clear, SB67, SB60 Starphire, SB72 Starphire, SB60 Solexia/Solarbronze/Solargray/Optigray/Solarblue/Optiblue | C13: SB70 Solexia/Solarbronze/Solargray/Optigray/Solarblue/Optiblue (SB67 removed) | D13: SB60 Clear, SB70 Clear, SB60 Starphire, SB72 Starphire | E13: 17
A14: Saint-Gobain | B14: ECLAZ II, ECLAZ ONE II, SKN 183 II, XTREME 61-29 II | C14: — (same 4) | D14: ECLAZ II, SKN 183 II | E14: 4
A15: Total unique coatings | E15: 27
A17: Thickness Combinations
A18: Product Line | B18: Combos (outer/mid or inner, mm) | C18: Count
A19: Enthermal (Pkg 1) | B19: 4/4, 5/4, 5/5, 6/4, 6/5, 6/6 | C19: 6
A20: Enthermal (Pkg 2) | B20: 6/4, 6/5, 6/6 | C20: 3
A21: Enthermal Plus (all) | B21: 4/4/4, 5/4/4, 6/4/4, 5/5/4, 5/5/5, 6/5/5, 6/6/5, 6/6/6 | C21: 8
A23: Key IGSDB Availability Constraints
A24: Coating | B24: Available Thicknesses | C24: Impact
A25: SB67 | B25: 5, 6mm only | C25: Excluded from 4mm outer combos (Enthermal & Outboard only)
A26: SKN 183 II | B26: 6mm only | C26: Limited to 6mm outer and 6mm S4/S5 combos
A27: XTREME 61-29 II | B27: 4, 6mm only | C27: Excluded from 5mm outer combos
A28: SB60 Solexia | B28: 6mm only | C28: Limited to 6mm outer combos
A29: SB60 Optigray | B29: 6mm only | C29: Limited to 6mm outer combos
A30: SB60 Solarblue | B30: 6mm only | C30: Limited to 6mm outer combos
A31: SB70 Solexia | B31: 6mm only | C31: Limited to 6mm outer combos (Inboard only)
A32: SB70 Solarbronze | B32: 6mm only | C32: Limited to 6mm outer combos (Inboard only)
A33: SB70 Optigray | B33: 6mm only | C33: Limited to 6mm outer combos (Inboard only)
A34: SB70 Solarblue | B34: 6mm only | C34: Limited to 6mm outer combos (Inboard only)
A35: SB60 Starphire | B35: 5, 6mm only | C35: Excluded from 4mm outer combos
A36: SB72 Starphire | B36: 6mm only | C36: Limited to 6mm outer combos
A38: Notes:
A39: • Enthermal has no gas fill option (vacuum gap only).
A40: • Enthermal Plus has 2 gas fill options (Air, Argon 90%) for the air gap.
A41: • Air gap thickness adjusted to maintain 25.4 mm (1 inch) total thickness.
A42: • Cross-manufacturer coating combinations are allowed, EXCEPT Starphire (low-iron): Starphire coatings pair only with Starphire, so all panes are low-iron (Vitro Starphire clear).
A43: • Saint-Gobain products use II (current production) variant in IGSDB.
A44: • SB67 appears only in Enthermal and Outboard S2 lists; SB70 tinted variants appear only in Inboard S2 list. Starphire products appear in all S2 lists and in the S4/S5 inner lists.
A45: • ECLAZ II = ECLAZ Lumi; ECLAZ ONE II = ECLAZ Zen (Saint-Gobain ECLAZ range, Oct 2023).

Sheet Skill_Instructions
A1: SKILL: Enthermal List Builder (Dynamic)
A2: Purpose: Dynamically generate the Enthermal_List table from whatever coatings and combos exist in Enthermal Configs. Handles any number of coatings, packages, and combinations.
A4: PREREQUISITES
A5: Required Sheet | B5: Description | C5: Key Columns
A6: Enthermal Configs | B6: 21 coatings (Pkg1: 15 clear, Pkg2: 6 tinted) + available thickness combos | C6: Col D = Available Combos (outer_mm/inner_mm)
A7: IGSDB Product Availability | B7: Maps coating + thickness (4/5/6mm) → IGSDB ID number | C7: Cols C/D/E = IDs for 4mm/5mm/6mm
A8: IGSDB_110 | B8: Full IGSDB database (6,590 rows) — exact product names | C8: Col A = ID, Col S = ProductName, Col R = Manufacturer
A9: CreateList_Rules | B9: Column schema and business rules for the output table | C9: Defines columns A–G + H (Notes, optional)
A10: Enthermal_List | B10: Target output sheet — headers in row 1, data starts row 2 | C10: Cols A–G (Product thru Manufacturer)
A12: OUTPUT SCHEMA
A13: Column | B13: Header | C13: Rule
A14: A | B14: Product | C14: Always "Enthermal"
A15: B | B15: Outboard Lite Name (IGDB) | C15: Product name per list convention — human-readable commercial name + thickness (e.g. 'LoE 180 on 4mm Clear', 'Solarban® 60 on Starphire® 5mm'), looked up by IGDB ID. NOT the raw IGSDB_110 col S coded name.
A16: C | B16: Outboard IGDB ID | C16: Numeric ID from IGSDB Product Availability (coating + outer thickness)
A17: D | B17: Gap | C17: Always "Vacuum 0.25mm"
A18: E | B18: Inboard Lite Name (IGDB) | C18: Clear-lite name per list convention — manufacturer + product + thickness (e.g. 'Vitro Starphire 4mm', 'Cardinal Clear Float Glass 4mm', 'SGG PLANICLEAR 4mm'). NOT the raw IGSDB_110 col S coded name.
A19: F | B19: Inboard IGDB ID | C19: Numeric ID from IGSDB Product Availability (same mfg's clear float + inner thickness)
A20: G | B20: Manufacturer | C20: Manufacturer of ALL lites — must be same for outboard and inboard
A22: BUSINESS RULES
A23: Rule # | B23: Rule | C23: Detail
A24: 1 | B24: Thickness constraint | C24: Outboard thickness must be ≥ inboard thickness. 5/4 = valid. 4/5 = NOT valid.
A25: 2 | B25: Same manufacturer | C25: Cardinal coatings → Cardinal clear (2002/2003/2004). Vitro coatings → Vitro clear (413/414/415). Saint-Gobain → SGG PLANICLEAR (21011/21012/21013). EXCEPTION — substrate match: coatings on a Starphire (low-iron) substrate (SB60 Starphire, SB72 Starphire) must pair with Vitro Starphire clear (5002=4mm / 5003=5mm / 5004=6mm), NOT standard Vitro clear float.
A26: 3 | B26: Product naming convention | C26: Cols B and E follow the human-readable naming convention used in the list (commercial/manufacturer name + thickness), NOT raw IGSDB_110 col S coded names. E.g. 'Vitro Starphire 4mm', 'Cardinal Clear Float Glass 4mm', 'SGG PLANICLEAR 4mm'.
A28: WORKFLOW (4 STEPS)
A29: Step 1: Read Reference Data
A30: 1a | B30: Read IGSDB Product Availability (full used range) | C30: Build coating-to-ID mapping dynamically. Each row = one coating, cols C/D/E = IDs per thickness. Also capture all clear float glass rows (at bottom, identified by name containing "Clear" or "Float" or "PLANICLEAR"). Note each coating's manufacturer.
A31: 1b | B31: Read Enthermal Configs (full used range) | C31: Scan all rows dynamically. Detect package headers (col A starts with "Package"). Detect coating rows (col A is numeric). For each coating row: read col B (coating name), col C (available thicknesses), col D (available combos as outer/inner pairs). Stop at TOTAL row. Do NOT hardcode row numbers — the sheet may have more or fewer coatings.
A32: 1c | B32: Search IGSDB_110 in chunks of 1000 rows | C32: Collect ALL unique IGDB IDs from steps 1a (coated + clear). Read col A (ID) and col S (ProductName, index 18) and col R (Manufacturer, index 17). Build a lookup map: ID → {ProductName, Manufacturer}. The sheet may grow beyond 6,590 rows — always read to the actual used range.
A34: Step 2: Build All Rows (Dynamic Count)
B35: For each coating found in Enthermal Configs (in row order):
B36: For each combo (outer_mm / inner_mm):
B37: 1. Lookup outboard IGDB ID (coating + outer_mm) | C37: From IGSDB Product Availability
B38: 2. Lookup outboard ProductName (by ID) | C38: From IGSDB_110 col S
B39: 3. Lookup inboard clear float ID (same mfg + inner_mm) | C39: From IGSDB Product Availability
B40: 4. Lookup inboard ProductName (by ID) | C40: From IGSDB_110 col S
B41: 5. Validate outer_mm ≥ inner_mm, write row | C41: ["Enthermal", outboard_name, outboard_id, "Vacuum 0.25mm", inboard_name, inboard_id, manufacturer]
B42: Total row count = sum of all combos across all coatings. Verify against TOTAL cell in Enthermal Configs (col E).
A43: Step 3: Clear & Write to Enthermal_List
A44: 3a | B44: Clear ALL existing data below header row 1 (A2:G to last used row) | C44: Do not assume 84 rows — clear the entire used range below headers.
A45: 3b | B45: Write rows in batches (≤42 per batch via execute_office_js)
A46: 3c | B46: Verify: total count matches Enthermal Configs TOTAL, all Product="Enthermal", all Gap="Vacuum 0.25mm"
A48: Step 4: Format the Table
A49: Header | B49: Bold, white text (#FFF) on dark blue (#1F4E79), centered, Calibri 11pt
A50: Even rows | B50: Light blue background (#EBF3FB)
A51: Odd rows | B51: White background (#FFFFFF)
A52: ID cols (C, F) | B52: Number format "0" (no decimals)
A53: Product col (A) | B53: Text format "@"
A55: HOW TO PARSE ENTHERMAL CONFIGS (Dynamic)
A56: Pattern | B56: How to Detect | C56: Example
A57: Package header | B57: Col A starts with "Package" (e.g., "Package 1 — Clear Substrate Coatings") | C57: Row 3: "Package 1 — Clear Substrate Coatings"
A58: Column headers | B58: Row immediately after a Package header. Col A = "#", Col B = "Coating (Surface 2)", etc. | C58: #, Coating (Surface 2), IGSDB Thicknesses, Available Combos, Configs, Notes
A59: Coating row | B59: Col A is a number (1, 2, 3...). Read col B (name), col D (combos string). | C59: A=1, B="C180", C="4, 5, 6", D="4/4, 5/4, 5/5, 6/4, 6/5, 6/6", E=6
A60: Subtotal row | B60: Col B contains "Subtotal". Skip this row. | C60: "Package 1 Subtotal: (9 × 6) + 5 + 3 + 4"
A61: Grand total row | B61: Col A contains "TOTAL". Col E has the expected total count. Use to validate output. | C61: A="ENTHERMAL TOTAL", E=98
A62: Empty/blank row | B62: Skip. These are spacer rows between sections.
A64: PARSING THE COMBOS STRING
A65: Input | B65: Process | C65: Output
A66: "4/4, 5/4, 5/5, 6/4, 6/5, 6/6" | B66: Split on ", " → for each token split on "/" → [outer_mm, inner_mm] as integers | C66: [(4,4), (5,4), (5,5), (6,4), (6,5), (6,6)]
A67: "6/4, 6/5, 6/6" | B67: Same process — fewer combos is normal (limited thicknesses in IGSDB) | C67: [(6,4), (6,5), (6,6)]
A69: MANUFACTURER MATCHING (Dynamic)
A70: Step | B70: Action | C70: Detail
A71: 1 | B71: Get coated glass manufacturer from IGSDB Product Availability | C71: Each coating row in Product Availability has an implicit manufacturer. Confirm via IGSDB_110 col R for any of the coating's IDs.
A72: 2 | B72: Find matching clear float glass rows in Product Availability | C72: Clear float glass rows are at the bottom of IGSDB Product Availability. Match by manufacturer name (from IGSDB_110 col R). There may be multiple clear float products per manufacturer — use the one matching the manufacturer exactly. SUBSTRATE MATCH: if the coating is on a low-iron/Starphire substrate (coating name contains 'Starphire'), pair with that manufacturer's Starphire clear (Vitro: Starphire 5002/5003/5004), not the standard clear float.
A73: 3 | B73: Pair inboard clear float at inner_mm thickness | C73: Use the clear float glass ID at the inner_mm thickness column (C=4mm, D=5mm, E=6mm). If a clear float ID is missing for a given thickness, that combo is invalid — skip it and log a warning.
A75: VALIDATION CHECKLIST
A76: ☐ | B76: Total row count matches the TOTAL cell in Enthermal Configs col E
A77: ☐ | B77: Every row has Product = "Enthermal" and Gap = "Vacuum 0.25mm"
A78: ☐ | B78: All IGDB IDs (cols C, F) are numeric and found in IGSDB_110
A79: ☐ | B79: All ProductNames (cols B, E) follow the list naming convention (commercial/mfr name + thickness) and are consistent across rows
A80: ☐ | B80: Every row's outboard thickness ≥ inboard thickness (parsed from combo string)
A81: ☐ | B81: Outboard and inboard lites in each row share the same manufacturer (col G)
A82: ☐ | B82: No duplicate rows (same outboard ID + inboard ID combination should not repeat)
A84: HOW TO USE
A85: Tell Claude: "Regenerate the Enthermal_List using the Skill_Instructions sheet in this workbook."
A86: Claude will read this sheet, dynamically parse Enthermal Configs for all coatings/combos, and produce the full list with proper formatting.
A87: If coatings are added/removed from Enthermal Configs, simply re-run — the skill adapts automatically.
A90: SKILL: EnthermalPlus List Builder — Inboard & Outboard (Dynamic)
A91: Purpose: Dynamically generate EnthermalP_Inboard_List and EnthermalP_Outboard_List tables for triple-pane configurations. Inboard = VIG on inside (S2+S4/S5 configs), Outboard = VIG on outside (S2+S5 config). Both share IGSDB lookup steps with the Enthermal skill above. Two gas fills per list (Argon 90%, Air 100%).
A93: PREREQUISITES
A94: Required Sheet | B94: Description | C94: Key Columns
A95: EnthermalP_Inboard_Configs | B95: 26 S2 coatings + 10 S4/S5 coatings (incl. SB60/SB72 Starphire) + 8 thickness combos. Type A (S2+S4) = 1,131 pairs, Type B (S2+S5) = 1,104 pairs. Total Argon-only = 2,235. | C95: Col A-C = S2 data, Col D-F = S4/S5 data, Col G-I = thickness combos with pair counts
A96: EnthermalP_Outboard (configs section) | B96: 21 S2 coatings + 10 S5 coatings (incl. SB60/SB72 Starphire) + 8 thickness combos. One config type only (S2+S5). Total Argon-only = 938. | C96: Same sheet layout: S2 section, S5 section, thickness combos with pair counts
A97: IGSDB Product Availability | B97: (Shared) Maps coating + thickness → IGSDB ID number. Also contains clear float glass rows at bottom. | C97: Cols C/D/E = IDs for 4mm/5mm/6mm
A98: IGSDB_110 | B98: (Shared) Full IGSDB database — exact product names and manufacturer names. | C98: Col A = ID, Col S = ProductName, Col R = Manufacturer
A99: CreateList_Rules | B99: Column schema for EnthermalPlus output (13 columns A–M). Same schema for both Inboard and Outboard. | C99: Defines the EnthermalPlus 13-column schema
A100: EnthermalP_Inboard_List | B100: Target output sheet for INBOARD. Headers in row 1, data starts row 2. | C100: Cols A–M (Product thru Notes)
A101: EnthermalP_Outboard_List | B101: Target output sheet for OUTBOARD. Headers in row 1, data starts row 2. Create if not present. | C101: Cols A–M (same schema as Inboard)
A102: OUTPUT SCHEMA (13 Columns)
A103: Column | B103: Header | C103: Rule
A104: A | B104: Product | C104: Always "EnthermalPlus"
A105: B | B105: Outboard Lite Name (IGDB) | C105: S2 coated outer pane. Product name per list convention (human-readable commercial name + thickness), looked up by IGDB ID. NOT the raw IGSDB_110 col S coded name.
A106: C | B106: Outboard IGDB ID | C106: Numeric ID from IGSDB Product Availability (S2 coating + outer thickness).
A107: D | B107: Gap 1 | C107: INBOARD: "Argon 90%" or "Air 100%" (gas cavity between outer and middle). OUTBOARD: "Vacuum 0.25mm" (VIG cavity between outer and middle).
A108: E | B108: Middle Lite Name (IGDB) | C108: INBOARD Type A: S4 coated glass. Type B: clear float (same mfr as S5). OUTBOARD: always clear float (same mfr as S2). Name per list convention (human-readable), NOT raw IGSDB_110 col S code.
A109: F | B109: Middle IGDB ID | C109: Numeric ID from IGSDB Product Availability for middle lite.
A110: G | B110: Gap 2 | C110: INBOARD: "Vacuum 0.25mm" (VIG cavity between middle and inner). OUTBOARD: "Argon 90%" or "Air 100%" (gas cavity between middle and inner).
A111: H | B111: 2nd LoE Surface | C111: INBOARD Type A = "Surface 4" (coating on middle). Type B = "Surface 5" (coating on inner). OUTBOARD: always "Surface 5".
A112: I | B112: Inboard Lite Name (IGDB) | C112: INBOARD Type A: clear float (same mfr as S4). Type B: S5 coated. OUTBOARD: S5 coated (the additional lite, any mfr). Name per list convention (human-readable), NOT raw IGSDB_110 col S code.
A113: J | B113: Inboard IGDB ID | C113: Numeric ID from IGSDB Product Availability for inboard lite.
A114: K | B114: Outboard Manufacturer | C114: INBOARD: display name of S2 outer lite mfr (can differ from VIG pair). OUTBOARD: display name of S2 outer lite mfr (= VIG pair mfr).
...

Sheet Audit Rules
A1: ENTHERMAL GLASS CONFIGURATION — AUDIT RULES
A3: SHEET STRUCTURE
A4: Sheet Name | B4: Type | C4: Columns
A5: Enthermal_List | B5: Dual-pane VIG (coated + clear) | C5: A–G: Product, Outboard Lite Name, Outboard IGDB ID, Gap, Inboard Lite Name, Inboard IGDB ID, Manufacturer
A6: EnthermalP_Inboard_List | B6: Triple-pane, VIG on inboard side | C6: A–N: Product, Outboard Lite Name, Outboard IGDB ID, Gap 1, Middle Lite Name, Middle IGDB ID, Gap 2, 2nd LoE Surface, Inboard Lite Name, Inboard IGDB ID, Outboard Mfr, Inboard Mfr, Notes, New Addition
A7: EnthermalP_Outboard_List | B7: Triple-pane, VIG on outboard side | C7: Same 14-column schema as Inboard list (A–N, incl. New Addition)
A9: VALIDATION CHECKS — APPLY TO EVERY DATA ROW
A10: # | B10: Rule | C10: Details
A11: 1 | B11: ID existence | C11: Every IGDB ID in cols C, F, and J (where applicable) must exist in the IGSDB_110 sheet column A. Any unknown ID is a hard failure.
A12: 2 | B12: ID ↔ name match | C12: The product name in cols B, E, and I must exactly match the ProductName (col S) for that ID in IGSDB_110. Character-level match including superscripts (² ³) and registered marks (®).
A13: 3 | B13: Gap placement | C13: Enthermal_List: col D = "Vacuum 0.25mm" always. Inboard lists: col D (Gap 1) = gas fill, col G (Gap 2) = "Vacuum 0.25mm". Outboard lists: col D (Gap 1) = "Vacuum 0.25mm", col G (Gap 2) = gas fill. Gas fill values are "Argon 90%" or "Air 100%".
A14: 4 | B14: Gas fill sections | C14: For triple-pane lists: the first half of data rows = Argon 90%, the second half = Air 100%. The Air rows must be an exact mirror of the Argon rows with only the gas value changed (same coating pairs, same order, same surfaces). Split point is dynamic — count total data rows and divide by 2.
A15: 5 | B15: VIG same-manufacturer rule | C15: The coated lite and clear lite forming the VIG pair must share the same manufacturer (from IGSDB_110 col R). Enthermal_List: outboard (coated) + inboard (clear). Inboard Type A (Surface 4): middle (S4 coated) + inboard (clear). Inboard Type B (Surface 5): middle (clear) + inboard (S5 coated). Outboard: outboard (S2 coated) + middle (clear). The non-VIG lite (outer on Inboard, inner on Outboard) can be ANY manufacturer.
A16: 6 | B16: Coated vs clear placement | C16: Clear float IDs: Cardinal (2002, 2003, 2004), Vitro (413, 414, 415), Saint-Gobain (21011, 21012, 21013), Vitro Starphire low-iron (5002, 5003, 5004). All other IDs are coated glass. Enthermal_List: outboard=coated, inboard=clear. Inboard Type A: out=coated, mid=coated, in=clear. Inboard Type B: out=coated, mid=clear, in=coated. Outboard: out=coated, mid=clear, in=coated.
A17: 7 | B17: Surface designation | C17: Col H (2nd LoE Surface). Inboard list: "Surface 4" for Type A (S4 coated middle + clear inner), "Surface 5" for Type B (clear middle + S5 coated inner). All Type A rows come before Type B within each gas section. Outboard list: always "Surface 5". Enthermal_List has no surface column.
A18: 8 | B18: Manufacturer columns (K, L) | C18: Col K (Outboard Mfr) = mfr of the outboard coated lite. Col L (Inboard Mfr) = mfr of the inboard lite's IGDB ID: for Inboard lists this equals the VIG coated lite (S4 for Type A, S5 for Type B); for the Outboard list it is the S5 inner lite, which is NOT the VIG pair (the Outboard VIG is outer+middle). Display names: Cardinal → "Cardinal Glass Industries", Vitro → "Vitro formerly PPG", Saint-Gobain → "Saint-Gobain Glass".
A19: 9 | B19: No duplicates | C19: Within each gas section, no two rows should share the same tuple of (Outboard ID, Middle ID, 2nd LoE Surface, Inboard ID). For Enthermal_List, the tuple is (Outboard ID, Inboard ID).
A20: 10 | B20: Expected row counts | C20: Counts derive from IGSDB Product Availability and the EnthermalP_Inboard_Configs / EnthermalP_Outboard sheets. Verify by recomputing per thickness combo WITH the Starphire split: (non-Starphire S2 × non-Starphire S4/S5) + (Starphire S2 × Starphire S4/S5). Starphire pairs ONLY with Starphire, so cross terms are invalid. Sum across all combos, then × 2 for the Air duplicate. Enthermal_List = sum of (coatings at outer_mm × clear thicknesses ≤ outer_mm) per mfr. Current totals: Enthermal 98, Inboard 4,470, Outboard 1,876.
A21: 11 | B21: Starphire substrate match | C21: Starphire (low-iron) coatings pair ONLY with Starphire. If any pane is Starphire, ALL panes must be low-iron: coated = SB60/SB72 Starphire (5348/5349/5435), clear = Vitro Starphire (5002/5003/5004). A row mixing a Starphire coating with a standard coating or standard clear lite is a hard failure.
A23: REFERENCE DATA
A24: Lookup source | B24: Description
A25: IGSDB_110 | B25: Master product database. Col A = ID, Col R = Manufacturer, Col S = ProductName. Use this as the single source of truth for ID↔name and ID↔manufacturer lookups.
A26: IGSDB Product Availability | B26: Maps coating short names to IGDB IDs by thickness (4mm, 5mm, 6mm). Also lists clear float glass IDs per manufacturer. Use to verify which IDs are valid at which thicknesses.
A27: EnthermalP_Inboard_Configs | B27: Configuration matrix showing S2 coating counts, S4/S5 coating counts, and thickness combos for Inboard list. Use to derive expected row counts per thickness combo.
A28: EnthermalP_Outboard | B28: Same as above but for Outboard list. Different structure: S2 + clear on outboard VIG, S5 on inboard.
A30: CONFIGURATION TYPES
A31: Config | B31: Pane layout (outside → inside) | C31: VIG pair
A32: Enthermal (dual) | B32: S2-coated lite | Vacuum 0.25mm | Clear float | C32: Both lites = same manufacturer
A33: Inboard Type A | B33: S2-coated (any mfr) | Gas fill | S4-coated (VIG mfr) | Vacuum 0.25mm | Clear float (VIG mfr) | C33: Middle (S4) + Inboard (clear) = same mfr
A34: Inboard Type B | B34: S2-coated (any mfr) | Gas fill | Clear float (VIG mfr) | Vacuum 0.25mm | S5-coated (VIG mfr) | C34: Middle (clear) + Inboard (S5) = same mfr
A35: Outboard | B35: S2-coated (VIG mfr) | Vacuum 0.25mm | Clear float (VIG mfr) | Gas fill | S5-coated (any mfr) | C35: Outboard (S2) + Middle (clear) = same mfr
